que,that,Creo que es cierto.,I believe that it is true.
de,of,La casa de Juan.,Juan's house.
no,no,No quiero ir.,I don't want to go.
a,to,Voy a casa.,I am going home.
la,the (feminine),La mesa es roja.,The table is red.
el,the (masculine),El libro es interesante.,The book is interesting.
es,is,Ella es amiga.,She is a friend.
y,and,Pan y queso.,Bread and cheese.
en,in,El gato está en la casa.,The cat is in the house.
lo,it/him,Lo vi ayer.,I saw him yesterday.
un,a (masc),Tengo un perro.,I have a dog.
por,for,Gracias por todo.,Thanks for everything.
qué,what,¿Qué pasa?,What's happening?
me,me,Me gusta viajar.,I like to travel.
una,a (fem),Quiero una manzana.,I want an apple.
te,you (obj),Te llamo mañana.,I'll call you tomorrow.
los,the (pl masc),Los niños juegan.,The children are playing.
se,oneself,Se levantó temprano.,He got up early.
con,with,Voy con mi amigo.,I go with my friend.
para,for/to,Este regalo es para ti.,This gift is for you.
mi,my,Este es mi coche.,This is my car.
está,is (temp),El café está caliente.,The coffee is hot.
si,if,Si llueve me quedo.,If it rains I stay.
bien,well,Todo está bien.,Everything is fine.
pero,but,Quiero ir pero no puedo.,I want to go but I can't.
yo,I,Yo estudio español.,I study Spanish.
eso,that,Eso es interesante.,That is interesting.
las,the (pl fem),Las flores son bonitas.,The flowers are beautiful.
sí,yes,Sí acepto.,Yes I accept.
su,his/her,Ella vendió su coche.,She sold her car.
tu,your,¿Dónde está tu libro?,Where is your book?
aquí,here,Ven aquí.,Come here.
del,of the,La clave del éxito.,The key to success.
al,to the,Voy al parque.,I go to the park.
como,like/as,Trabajo como maestro.,I work as a teacher.
le,to him/her,Le di un regalo.,I gave him a gift.
más,more,Quiero más agua.,I want more water.
esto,this,¿Qué es esto?,What is this?
ya,already,Ya terminé.,I already finished.
todo,all,Todo está listo.,Everything is ready.
esta,this (fem),Esta casa es vieja.,This house is old.
vamos,let's go,¡Vamos al cine!,Let's go to the movies!
muy,very,Este libro es muy bueno.,This book is very good.
hay,there is/are,Hay tres manzanas.,There are three apples.
ahora,now,Ahora estudio para el examen.,Now I study for the exam.
algo,something,Quiero algo de comer.,I want something to eat.
estoy,I am,Estoy cansado.,I am tired.
tengo,I have,Tengo dos hermanos.,I have two brothers.
nos,us,Ellos nos ayudan.,They help us.
tú,you,Tú eres mi amigo.,You are my friend.
nada,nothing,No veo nada.,I see nothing.
cuando,when,Cuando llegues avísame.,When you arrive let me know.
ha,has,Ella ha llegado.,She has arrived.
este,this (masc),Este coche es rápido.,This car is fast.
sé,I know,Yo sé la respuesta.,I know the answer.
estás,you are,¿Estás bien?,Are you okay?
así,like this,Hazlo así.,Do it like this.
puedo,I can,Puedo ayudar.,I can help.
cómo,how,¿Cómo estás?,How are you?
quiero,I want,Quiero aprender.,I want to learn.
sólo,only,Sólo tengo una pregunta.,I only have one question.
soy,I am,Soy estudiante.,I am a student.
tiene,he/she has,Él tiene un gato.,He has a cat.
gracias,thanks,Gracias por la ayuda.,Thanks for the help.
o,or,¿Café o té?,Coffee or tea?
él,he,Él es mi hermano.,He is my brother.
bueno,good,Ese libro es bueno.,That book is good.
fue,was,La fiesta fue divertida.,The party was fun.
ser,to be,Quiero ser doctor.,I want to be a doctor.
hacer,to do,Vamos a hacer ejercicio.,Let's do exercise.
son,they are,Ellos son amigos.,They are friends.
todos,all,Todos están aquí.,Everyone is here.
era,was,Era un día soleado.,It was a sunny day.
eres,you are,Eres muy amable.,You are very kind.
vez,time,Esta es la primera vez.,This is the first time.
tienes,you have,¿Tienes mi libro?,Do you have my book?
creo,I believe,Creo en ti.,I believe in you.
ella,she,Ella vive aquí.,She lives here.
he,I have,He comido.,I have eaten.
ese,that,Ese coche es caro.,That car is expensive.
voy,I go,Voy al trabajo.,I go to work.
puede,he/she can,Ella puede nadar.,She can swim.
sabes,you know,¿Sabes la respuesta?,Do you know the answer?
hola,hello,Hola ¿cómo estás?,Hello how are you?
sus,their,Sus ideas son buenas.,Their ideas are good.
porque,because,No fui porque estaba enfermo.,I didn't go because I was sick.
dios,God,Gracias a Dios.,Thank God.
quién,who,¿Quién es él?,Who is he?
nunca,never,Nunca he ido.,I have never gone.
dónde,where,¿Dónde vives?,Where do you live?
quieres,you want,¿Qué quieres?,What do you want?
casa,house,Voy a casa.,I am going home.
favor,favor,Hazme un favor.,Do me a favor.
esa,that (fem),Esa idea me gusta.,I like that idea.
dos,two,Tengo dos manos.,I have two hands.
tan,so,Eres tan amable.,You are so kind.
señor,sir,Hola señor Pérez.,Hello Mr. Pérez.
tiempo,time,No tengo tiempo.,I don't have time.
verdad,truth,¿Es verdad?,Is it true?
estaba,was,Estaba cansado.,I was tired.
mejor,better,Este libro es mejor que el otro.,This book is better than the other one.
están,they are,Ellos están en casa.,They are at home.
va,goes,Él va al trabajo cada día.,He goes to work every day.
hombre,man,Ese hombre es mi vecino.,That man is my neighbor.
usted,you (formal),¿Cómo está usted hoy?,How are you today?
mucho,a lot,Me gusta mucho esta canción.,I like this song a lot.
hace,does,Ella hace ejercicio por la mañana.,She does exercise in the morning.
entonces,then,Si llueve,entonces no saldremos.,If it rains, then we won't go out.
siento,I feel,Siento que esto está mal.,I feel that this is wrong.
tenemos,we have,Tenemos una casa grande.,We have a big house.
puedes,you can,¿Puedes ayudarme con esto?,Can you help me with this?
ahí,there,El libro está ahí,en la mesa.,The book is there, on the table.
ti,you (object),Esto es para ti.,This is for you.
vida,life,La vida es bella.,Life is beautiful.
ver,to see,Quiero ver esa película.,I want to see that movie.
alguien,someone,Alguien llamó por teléfono.,Someone called on the phone.
sr,Mr.,El Sr. Gómez llegó temprano.,Mr. Gómez arrived early.
hasta,until,Estaré aquí hasta mañana.,I will be here until tomorrow.
sin,without,No puedo vivir sin ti.,I can't live without you.
mí,me,Esto es para mí.,This is for me.
solo,alone,Prefiero estar solo.,I prefer to be alone.
años,years,Tengo veinte años.,I am twenty years old.
sobre,about,Este libro es sobre historia.,This book is about history.
decir,to say,Quiero decir algo importante.,I want to say something important.
uno,one,Necesito uno más.,I need one more.
siempre,always,Siempre te recordaré.,I will always remember you.
oh,oh,Oh,no lo sabía.,Oh, I didn't know that.
ir,to go,Voy a ir al mercado.,I am going to go to the market.
cosas,things,Hay muchas cosas que hacer.,There are many things to do.
también,also,Yo también quiero ir.,I also want to go.
antes,before,Llegué antes de la fiesta.,I arrived before the party.
has,you have,¿Has comido ya?,Have you eaten yet?
ni,nor,No quiero café ni té.,I don't want coffee nor tea.
mis,my (plural),Mis amigos vienen mañana.,My friends are coming tomorrow.
día,day,Hoy es un buen día.,Today is a good day.
estar,to be,Quiero estar contigo.,I want to be with you.
estamos,we are,Estamos listos para empezar.,We are ready to start.
noche,night,La noche es muy tranquila.,The night is very quiet.
nadie,nobody,Nadie sabe la respuesta.,Nobody knows the answer.
otra,other (fem.),Necesito otra taza de té.,I need another cup of tea.
quiere,he/she wants,Ella quiere un helado.,She wants an ice cream.
parece,it seems,Parece que va a llover.,It seems that it's going to rain.
nosotros,we,Nosotros vamos al cine.,We are going to the movies.
poco,little,Tengo poco tiempo.,I have little time.
padre,father,Mi padre trabaja mucho.,My father works a lot.
trabajo,work,Tengo mucho trabajo hoy.,I have a lot of work today.
gente,people,La gente está feliz.,The people are happy.
mira,he looks,Él mira por la ventana.,He looks out the window.
vas,you go,Tú vas demasiado rápido.,You go too fast.
sea,be (subj.),Espero que sea un buen día.,I hope it will be a good day.
les,to them,Les di un regalo.,I gave them a gift.
donde,where,No sé donde está.,I don't know where it is.
mismo,same,Quiero el mismo color.,I want the same color.
hecho,done,El trabajo está hecho.,The work is done.
ellos,they,Ellos viven lejos.,They live far away.
dijo,he/she said,Ella dijo la verdad.,She told the truth.
pasa,happens,¿Qué pasa aquí?,What's happening here?
dinero,money,Necesito dinero para viajar.,I need money to travel.
hijo,son,Su hijo tiene cinco años.,Her son is five years old.
tal,such,Nunca había visto tal cosa.,I had never seen such a thing.
otro,another,Quiero otro pedazo de pastel.,I want another piece of cake.
hablar,to speak,Necesito hablar contigo.,I need to speak with you.
seguro,sure,Estoy seguro de mi respuesta.,I am sure of my answer.
claro,clear,El agua está muy clara.,The water is very clear.
estas,these,Estas manzanas son frescas.,These apples are fresh.
lugar,place,Este es un buen lugar.,This is a good place.
mundo,world,El mundo es grande.,The world is big.
amigo,friend,Mi amigo vive en Madrid.,My friend lives in Madrid.
espera,waits,Ella espera el autobús.,She waits for the bus.
mierda,shit,¡Mierda! Olvidé las llaves.,Shit! I forgot the keys.
han,they have,Ellos han terminado.,They have finished.
tus,your (plural),Tus libros están en la mesa.,Your books are on the table.
sabe,he/she knows,Él sabe la respuesta.,He knows the answer.
después,after,Vamos a cenar después de la película.,We will have dinner after the movie.
momento,moment,Espérame un momento.,Wait for me a moment.
desde,since,Te he querido desde entonces.,I have loved you since then.
fuera,outside,Vamos fuera a jugar.,Let's go outside to play.
cosa,thing,Esa cosa me asusta.,That thing scares me.
tipo,type,¿Qué tipo de música te gusta?,What type of music do you like?
mañana,tomorrow,Mañana iremos al parque.,Tomorrow we will go to the park.
podemos,we can,Podemos empezar ahora.,We can start now.
dije,I said,Te dije la verdad.,I told you the truth.
gran,great,Fue un gran día.,It was a great day.
necesito,I need,Necesito dormir más.,I need to sleep more.
estado,state,El estado actual es estable.,The current state is stable.
podría,could,Podría ayudar si quieres.,I could help if you want.
acuerdo,agreement,Llegamos a un acuerdo.,We reached an agreement.
papá,dad,Mi papá cocina muy bien.,My dad cooks very well.
tener,to have,Necesito tener más confianza.,I need to have more confidence.
dice,he/she says,Mi profesor dice que estudie más.,My teacher says I should study more.
mío,mine,Este libro es mío.,This book is mine.
crees,you believe,¿Crees en el amor?,Do you believe in love?
buena,good (fem.),Es una buena idea.,It's a good idea.
gusta,likes,Me gusta el chocolate.,I like chocolate.
nuestro,our,Nuestro coche es nuevo.,Our car is new.
nuevo,new,Tengo un teléfono nuevo.,I have a new phone.
será,will be,Todo será perfecto.,Everything will be perfect.
haciendo,doing,Estoy haciendo mi tarea.,I am doing my homework.
días,days,Pasaron los días rápidamente.,The days passed quickly.
nombre,name,Mi nombre es Ana.,My name is Ana.
buen,good,Él es un buen amigo.,He is a good friend.
había,there was/there were,Había mucha gente en el concierto.,There were many people at the concert.
ven,come,Ven aquí,por favor.,Come here, please.
tres,three,Tengo tres libros.,I have three books.
menos,less/fewer,Necesitamos menos azúcar.,We need less sugar.
debe,must/should,Él debe estudiar más.,He should study more.
tenía,had,Cuando era niño,tenía un perro.,When I was a child, I had a dog.
mal,bad,Me siento mal hoy.,I feel bad today.
conmigo,with me,Ven conmigo al cine.,Come with me to the movies.
madre,mother,Mi madre cocina muy bien.,My mother cooks very well.
hoy,today,Hoy hace sol.,Today it's sunny.
quien,who,¿Quién llamó?,Who called?
sido,been,Ha sido un día largo.,It has been a long day.
mamá,mom,Mi mamá es muy amable.,My mom is very kind.
tienen,they have,Ellos tienen tres gatos.,They have three cats.
luego,later,Te llamo luego.,I'll call you later.
todas,all (fem. pl.),Todas las puertas están abiertas.,All the doors are open.
allí,there,El libro está allí.,The book is there.
toda,all (fem. sing.),Toda la casa está limpia.,The whole house is clean.
hora,hour/time,La hora de la reunión es a las cinco.,The meeting time is at five.
mujer,woman,La mujer sonríe.,The woman is smiling.
visto,seen,He visto esa película.,I have seen that movie.
haces,you do/make,¿Qué haces?,What are you doing?
importa,it matters,No importa lo que digan.,It doesn't matter what they say.
contigo,with you,Quiero ir contigo.,I want to go with you.
ve,(she/he) sees or go (imp.),Ella ve la televisión.,She watches television.
tarde,late,Llegaste tarde a la clase.,You arrived late to class.
oye,(he/she) hears,Él oye un ruido extraño.,He hears a strange noise.
parte,part,Esta es la mejor parte.,This is the best part.
haber,to have (auxiliary),Puede haber un problema.,There may be a problem.
hombres,men,Los hombres hablan.,The men are talking.
problema,problem,Tenemos un problema serio.,We have a serious problem.
mas,but,Quería ir,mas no pude.,I wanted to go, but I couldn't.
saber,to know,Quiero saber la verdad.,I want to know the truth.
quería,wanted,Yo quería un helado.,I wanted an ice cream.
aún,still/yet,Aún no ha llegado.,He hasn't arrived yet.
veces,times,A veces llueve.,Sometimes it rains.
nuestra,our (fem. sing.),Esta es nuestra casa.,This is our house.
hacerlo,to do it,Necesito hacerlo hoy.,I need to do it today.
cada,each/every,Visito a mi abuela cada semana.,I visit my grandmother every week.
hizo,he/she did/made,Ella lo hizo rápido.,She did it quickly.
veo,I see,Te veo mañana.,I'll see you tomorrow.
tanto,so much,Te extraño tanto.,I miss you so much.
razón,reason,Tienes razón.,You are right.
ustedes,you (pl.),Ustedes son bienvenidos.,You are welcome.
idea,idea,Tengo una buena idea.,I have a good idea.
esos,those (masc.),Me gustan esos zapatos.,I like those shoes.
van,they go,Ellos van al parque.,They go to the park.
quizá,maybe,Quizá llueva mañana.,Maybe it will rain tomorrow.
debo,I must,Debo terminar mi tarea.,I must finish my homework.
alguna,some/any (fem.),¿Tienes alguna pregunta?,Do you have any question?
cierto,true/certain,Es cierto que hace frío.,It is true that it's cold.
ud,you (formal),¿Ud. necesita ayuda?,Do you need help?
muerto,dead,El pez está muerto.,The fish is dead.
unos,some (masc.),Compré unos libros.,I bought some books.
estos,these (masc.),Estos días han sido difíciles.,These days have been difficult.
salir,to go out/leave,Quiero salir esta noche.,I want to go out tonight.
policía,police,La policía llegó rápido.,The police arrived quickly.
realmente,really,Me gusta realmente este libro.,I really like this book.
demasiado,too much,Hay demasiado ruido.,There is too much noise.
familia,family,Mi familia vive aquí.,My family lives here.
pueden,they can,Ellos pueden venir.,They can come.
cabeza,head,Me duele la cabeza.,My head hurts.
hemos,we have,Hemos terminado.,We have finished.
amigos,friends,Mis amigos llegaron.,My friends arrived.
chica,girl,La chica corre.,The girl is running.
cariño,affection/honey,Te tengo mucho cariño.,I am very fond of you.
lado,side,Está al lado de la casa.,It is next to the house.
allá,over there,Mira allá.,Look over there.
entre,between/among,El secreto está entre nosotros.,The secret is between us.
minutos,minutes,Faltan diez minutos.,There are ten minutes left.
digo,I say,Digo la verdad.,I am telling the truth.
algún,some/any (masc.),¿Tienes algún libro?,Do you have any book?
serio,serious,Es un asunto serio.,It is a serious matter.
cuidado,care/caution,¡Cuidado con el perro!,Be careful with the dog!
pasó,happened,¿Qué pasó ayer?,What happened yesterday?
buenas,good (fem. pl.),Buenas tardes.,Good afternoon.
somos,we are,Somos amigos.,We are friends.
amor,love,El amor es importante.,Love is important.
puerta,door,Cierra la puerta,por favor.,Close the door, please.
ves,you see,¿Ves eso?,Do you see that?
vaya,go (formal imp.),Vaya con cuidado.,Go carefully.
ah,oh,¡Ah,ya entiendo!,Oh, I understand now!
suerte,luck,Buena suerte en el examen.,Good luck on the exam.
eh,uh,Eh,espera un momento.,Eh, wait a moment.
rápido,fast,Corre rápido.,Run fast.
cuenta,bill/account,Paga la cuenta.,Pay the bill.
quizás,perhaps,Quizás venga mañana.,Perhaps he will come tomorrow.
io,Io (Jupiter's moon),Io es una de las lunas de Júpiter.,Io is one of Jupiter's moons.
esas,those (fem.),Esas flores son hermosas.,Those flowers are beautiful.
pues,well/so,Pues,no estoy seguro.,Well, I'm not sure.
pasado,past/last,El mes pasado viajé.,Last month I traveled.
pensé,I thought,Pensé en ti.,I thought about you.
todavía,still,Todavía tengo hambre.,I'm still hungry.
hermano,brother,Mi hermano estudia medicina.,My brother studies medicine.
debes,you must,Debes descansar.,You must rest.
casi,almost,Casi termino el libro.,I almost finished the book.
forma,way/form,De esta forma funciona.,This way it works.
aqui,here,Ven aquí.,Come here.
chico,boy,El chico juega fútbol.,The boy plays soccer.
ok,okay,Todo está ok.,Everything is okay.
dicho,said,Lo dicho es importante.,What was said is important.
nueva,new,Tengo una casa nueva.,I have a new house.
sabía,knew,No sabía la respuesta.,I didn’t know the answer.
muchas,many,Tengo muchas preguntas.,I have many questions.
dentro,inside,Está dentro de la caja.,It is inside the box.
hice,I did,Hice mi tarea anoche.,I did my homework last night.
contra,against,Estoy contra esa idea.,I am against that idea.
auto,car,Compré un auto nuevo.,I bought a new car.
camino,road,El camino es largo.,The road is long.
ayuda,help,Necesito ayuda ahora.,I need help now.
primera,first,Esta es la primera vez.,This is the first time.
hacia,towards,Camina hacia el parque.,Walk towards the park.
vi,I saw,Vi una película ayer.,I saw a movie yesterday.
miedo,fear,Tengo miedo de la oscuridad.,I am afraid of the dark.
adiós,goodbye,Dije adiós y me fui.,I said goodbye and left.
primero,first,Él llegó primero.,He arrived first.
debería,should,Debería estudiar más.,I should study more.
poder,to be able,Quiero poder ayudar.,I want to be able to help.
niños,children,Los niños juegan afuera.,The children play outside.
sería,would be,Sería genial ir contigo.,It would be great to go with you.
historia,story,Me contaron una historia.,They told me a story.
hey,hey,Hey,¿cómo estás?,Hey, how are you?
mientras,while,Leo un libro mientras espero.,I read a book while I wait.
ciudad,city,Vivo en la ciudad grande.,I live in the big city.
dijiste,you said,Tú dijiste la verdad.,You told the truth.
espero,I hope/I wait,Espero tu respuesta.,I am waiting for your response.
cuánto,how much,¿Cuánto cuesta esto?,How much does this cost?
esposa,wife,Mi esposa es doctora.,My wife is a doctor.
pronto,soon,Llegaré pronto.,I will arrive soon.
chicos,boys,Los chicos corren rápido.,The boys run fast.
cualquier,any,Elige cualquier color.,Choose any color.
viejo,old,Ese coche es muy viejo.,That car is very old.
debemos,we should,Debemos irnos ahora.,We should leave now.
deja,stop,Deja de gritar.,Stop shouting.
año,year,Este año fue difícil.,This year was difficult.
muerte,death,Temo a la muerte.,I fear death.
hablando,speaking,Estoy hablando contigo.,I am speaking with you.
manos,hands,Lava tus manos.,Wash your hands.
da,gives,Ella da regalos.,She gives gifts.
loco,crazy,Estás loco.,You are crazy.
problemas,problems,Tenemos problemas serios.,We have serious problems.
mano,hand,Levanta la mano.,Raise your hand.
guerra,war,La guerra terminó.,The war is over.
semana,week,La semana pasó rápido.,The week passed quickly.
pasar,to happen,¿Qué va a pasar?,What is going to happen?
vale,okay,Vale,nos vemos mañana.,Okay, see you tomorrow.
cuál,which,¿Cuál prefieres?,Which one do you prefer?
viene,comes,Él viene hoy.,He is coming today.
volver,to return,Quiero volver a casa.,I want to return home.
toma,drink,Toma agua.,Drink water.
caso,case,En ese caso,no voy.,In that case, I won’t go.
agua,water,Bebo agua todos los días.,I drink water every day.
haré,I will,Haré lo que pueda.,I will do what I can.
vete,go away,Vete ahora mismo.,Go away right now.
entiendo,I understand,Entiendo tu problema.,I understand your problem.
horas,hours,Trabajé muchas horas.,I worked many hours.
personas,people,Hay muchas personas aquí.,There are many people here.
capitán,captain,El capitán habla ahora.,The captain speaks now.
adelante,forward,Adelante,por favor.,Go ahead, please.
niño,boy,Ese niño es inteligente.,That boy is smart.
listo,ready,Estoy listo para salir.,I am ready to go out.
noches,nights,Las noches son frías.,The nights are cold.
buenos,good,Buenos días a todos.,Good morning everyone.
iba,was going,Él iba al mercado.,He was going to the market.
juntos,together,Trabajamos juntos.,We work together.
dame,give me,Dame más tiempo.,Give me more time.
único,only,Eres mi único amigo.,You are my only friend.
déjame,let me,Déjame intentar.,Let me try.
cerca,near,Vivo cerca de aquí.,I live near here.
otros,others,Los otros llegaron tarde.,The others arrived late.
sigue,keep going,Sigue adelante.,Keep going.
grande,big,Esta casa es grande.,This house is big.
arriba,up,Mira hacia arriba.,Look up.
jefe,boss,Mi jefe es estricto.,My boss is strict.
habla,speaks,Él habla cinco idiomas.,He speaks five languages.
supongo,I suppose,Supongo que tienes razón.,I suppose you are right.
manera,way,No hay manera de salir.,There is no way out.
quieren,they want,Ellos quieren comer.,They want to eat.
feliz,happy,Estoy muy feliz hoy.,I am very happy today.
significa,means,¿Qué significa eso?,What does that mean?
sangre,blood,La sangre es roja.,Blood is red.
fin,end,Este es el fin.,This is the end.
bajo,under,El gato está bajo la mesa.,The cat is under the table.
llama,calls,Mi madre me llama.,My mother calls me.
venir,to come,Quiero venir contigo.,I want to come with you.
morir,to die,Temo morir solo.,I’m afraid to die alone.
importante,important,Este documento es importante.,This document is important.
hiciste,you did,¿Qué hiciste ayer?,What did you do yesterday?
ojos,eyes,Ella tiene ojos azules.,She has blue eyes.
escucha,listen,Escucha la canción.,Listen to the song.
entrar,to enter,Puedes entrar ahora.,You can enter now.
ningún,none,No tengo ningún problema.,I don’t have any problem.
corazón,heart,Mi corazón late rápido.,My heart beats fast.
diablos,damn,¡Diablos! Olvidé las llaves.,Damn! I forgot the keys.
necesitamos,we need,Necesitamos más tiempo.,We need more time.
atrás,behind,Mira atrás antes de cruzar.,Look back before crossing.
d durante,during,Dormí durante la reunión.,I slept during the meeting.
dices,you say,¿Qué dices?,What are you saying?
nuestros,our,Estos son nuestros libros.,These are our books.
persona,person,La persona habla.,The person speaks.
abajo,down,El gato está abajo.,The cat is down.
dr,doctor,El Dr. Pérez llegó.,Dr. Pérez arrived.
hija,daughter,Mi hija juega en el parque.,My daughter plays in the park.
dejar,to leave,Voy a dejar el libro aquí.,I'm going to leave the book here.
necesita,needs,Ella necesita ayuda.,She needs help.
llegar,to arrive,Tenemos que llegar temprano.,We have to arrive early.
hago,I do,Yo hago la cena.,I make dinner.
señora,lady,La señora espera en la puerta.,The lady waits at the door.
haya,there is,Espero que haya paz.,I hope there is peace.
suficiente,enough,No tengo suficiente comida.,I don't have enough food.
doctor,doctor,El doctor está ocupado.,The doctor is busy.
gustaría,would like,Me gustaría un café.,I would like a coffee.
tierra,land,La tierra es fértil.,The land is fertile.
cara,face,Tu cara está roja.,Your face is red.
siquiera,even,Ni siquiera lo intentó.,He didn't even try.
genial,great,¡Eso es genial!,That's great!
cree,believes,Ella cree en ti.,She believes in you.
supuesto,supposed,El supuesto culpable huyó.,The supposed culprit ran away.
tomar,to drink,Voy a tomar agua.,I'm going to drink water.
equipo,team,El equipo ganó el partido.,The team won the match.
justo,fair,Es un precio justo.,It's a fair price.
juego,game,El juego comienza ahora.,The game starts now.
ninguna,none,No veo ninguna señal.,I don't see any sign.
matar,to kill,Tienes que matar al monstruo.,You have to kill the monster.
cinco,five,Tengo cinco manzanas.,I have five apples.
dicen,they say,Dicen que lloverá mañana.,They say it will rain tomorrow.
amo,I love,Yo amo la música.,I love music.
cuándo,when,¿Cuándo vienes?,When are you coming?
pequeño,small,El perro es pequeño.,The dog is small.
algunos,some,Algunos estudiantes llegaron tarde.,Some students arrived late.
conozco,I know,Conozco a María.,I know Maria.
clase,class,La clase empieza ahora.,The class starts now.
maldito,damned,Este maldito coche no arranca.,This damned car won't start.
unas,some,Compré unas flores.,I bought some flowers.
muchos,many,Hay muchos libros.,There are many books.
hubiera,would have,Ojalá hubiera más tiempo.,I wish there were more time.
segundo,second,Es mi segundo intento.,It is my second attempt.
aunque,although,Aunque llueva,iremos.,Although it rains, we will go.
pueda,can,Espero que pueda venir.,I hope he can come.
dime,tell me,Dime la verdad.,Tell me the truth.
igual,same,Somos iguales.,We are equal.
comida,food,La comida está lista.,The food is ready.
ay,ouch,¡Ay,me duele!,Ouch, it hurts!
cuerpo,body,El cuerpo humano es complejo.,The human body is complex.
encontrar,to find,No puedo encontrar mis llaves.,I can't find my keys.
fuerte,strong,Él es muy fuerte.,He is very strong.
vuelta,turn,Dio una vuelta rápida.,He took a quick turn.
venga,come,Venga aquí ahora.,Come here now.
creer,to believe,No puedo creer esto.,I can't believe this.
realidad,reality,La realidad es dura.,Reality is harsh.
saben,they know,Ellos saben la respuesta.,They know the answer.
puta,whore,Esa mujer es una puta.,That woman is a whore.
deberías,should,Deberías descansar.,You should rest.
pregunta,question,Tengo una pregunta.,I have a question.
fui,I went,Ayer fui al cine.,Yesterday I went to the movies.
cuatro,four,Hay cuatro sillas.,There are four chairs.
sra,Mrs.,La sra. López habló.,Mrs. López spoke.
primer,first,El primer día fue difícil.,The first day was difficult.
trabajar,to work,Necesito trabajar hoy.,I need to work today.
e,and,Padres e hijos.,Parents and children.
hagas,you do,Quiero que hagas tu tarea.,I want you to do your homework.
alto,tall,El edificio es alto.,The building is tall.
maldita,damned,Esa maldita puerta no cierra.,That damned door won't close.
comer,to eat,Me gusta comer pizza.,I like to eat pizza.
número,number,Necesito un número de teléfono.,I need a phone number.
dar,to give,Voy a dar un regalo.,I'm going to give a gift.
necesitas,you need,Necesitas estudiar más.,You need to study more.
john,John,John es mi amigo.,John is my friend.
oportunidad,opportunity,Tienes una buena oportunidad.,You have a good opportunity.
punto,point,Ese es el punto clave.,That is the key point.
misma,same,Ella tiene la misma idea.,She has the same idea.
última,last,La última vez fue divertido.,The last time was fun.
afuera,outside,Vamos afuera.,Let's go outside.
mujeres,women,Las mujeres hablan.,The women are talking.
pensar,to think,Necesito pensar.,I need to think.
fueron,they were,Ellos fueron felices ayer.,They were happy yesterday.
difícil,difficult,Este problema es difícil.,This problem is difficult.
vivir,to live,Quiero vivir aquí.,I want to live here.
paso,step,Un paso a la vez.,One step at a time.
malo,bad,Tu actitud es mala.,Your attitude is bad.
estabas,you were,¿Dónde estabas ayer?,Where were you yesterday?
vivo,alive,Sigo vivo.,I'm still alive.
haga,do,Es importante que haga ejercicio.,It's important that he exercises.
queda,remains,Solo queda un pedazo.,Only one piece remains.
hijos,children,Mis hijos juegan.,My children are playing.
mayor,older,Mi hermana mayor vive aquí.,My older sister lives here.
fiesta,party,La fiesta empieza a las ocho.,The party starts at eight.
hacen,they do,Ellos hacen la tarea.,They do the homework.
medio,half,Comió medio pastel.,He ate half a cake.
algunas,some,Algunas personas vinieron.,Some people came.
basta,enough,¡Basta de mentiras!,Enough of lies!
ei,hey,¡Ei,ven aquí!,Hey, come here!
arma,weapon,Encontraron un arma.,They found a weapon.
vino,wine,Me gusta el vino.,I like wine.
meses,months,Han pasado tres meses.,Three months have passed.
cuarto,room,Este es mi cuarto.,This is my room.
éste,this one,Éste es mío.,This one is mine.
escuela,school,La escuela cierra mañana.,The school closes tomorrow.
esté,be,Quiero que estés feliz.,I want you to be happy.
dólares,dollars,Ella cambió sus euros por dólares.,She exchanged her euros for dollars.
tío,uncle,Mi tío vive en Canadá.,My uncle lives in Canada.
posible,possible,Es posible terminar hoy.,It is possible to finish today.
tuve,I had,Ayer tuve mucho trabajo.,Yesterday I had a lot of work.
fácil,easy,Esta tarea es muy fácil.,This task is very easy.
preocupes,you worry,No te preocupes por eso.,Don't worry about that.
jack,Jack,Jack es mi amigo.,Jack is my friend.
luz,light,Apaga la luz al salir.,Turn off the light when leaving.
eran,they were,Eran las tres de la tarde.,It was three in the afternoon.
carajo,damn,¡Carajo,olvidé las llaves!,Damn, I forgot the keys!
final,end,Este es el final del libro.,This is the end of the book.
lista,list,Escribe una lista de compras.,Write a shopping list.
trata,tries,Él siempre trata de ayudar.,He always tries to help.
armas,weapons,Prohibieron las armas en el estadio.,They banned weapons in the stadium.
hermana,sister,Mi hermana toca el piano.,My sister plays the piano.
exactamente,exactly,Eso es exactamente lo que quiero.,That is exactly what I want.
chicas,girls,Las chicas juegan en el parque.,The girls play in the park.
podía,could,Cuando era niño podía correr rápido.,When I was a child I could run fast.
bastante,enough,Tengo bastante comida para todos.,I have enough food for everyone.
seguridad,security,La seguridad es nuestra prioridad.,Security is our priority.
pasando,happening,¿Qué está pasando aquí?,What's happening here?
esperando,waiting,Estoy esperando el autobús.,I am waiting for the bus.
acá,here,Ven acá ahora mismo.,Come here right now.
teléfono,telephone,Mi teléfono está sin batería.,My phone has no battery.
perro,dog,El perro duerme en el jardín.,The dog sleeps in the garden.
fuego,fire,El fuego es muy peligroso.,Fire is very dangerous.
murió,he died,Mi abuelo murió el año pasado.,My grandfather died last year.
tampoco,neither,Yo tampoco sé la respuesta.,I don't know the answer either.
sola,alone,Ella se quedó sola en casa.,She stayed alone at home.
estuvo,he was,Él estuvo en la reunión ayer.,He was at the meeting yesterday.
verte,to see you,Quiero verte mañana.,I want to see you tomorrow.
iré,I will go,Mañana iré al cine.,Tomorrow I will go to the cinema.
tenido,had,He tenido un día largo.,I have had a long day.
culpa,fault,La culpa no es tuya.,It is not your fault.
veras,you will see,Verás que todo saldrá bien.,You will see that everything will be fine.
adónde,where,¿Adónde vas esta noche?,Where are you going tonight?
buscando,looking for,Estoy buscando mis llaves.,I am looking for my keys.
cuanto,how much,¿Cuánto cuesta este libro?,How much does this book cost?
padres,parents,Mis padres están de viaje.,My parents are traveling.
paz,peace,Buscamos la paz mundial.,We seek world peace.
demonios,devils,Los demonios no existen.,Devils do not exist.
estará,he will be,El concierto estará en el estadio.,The concert will be in the stadium.
cual,which,¿Cuál es tu color favorito?,Which is your favorite color?
perdón,sorry,Perdón por llegar tarde.,Sorry for arriving late.
asi,like this,Hazlo así por favor.,Do it like this please.
jugar,to play,Nos gusta jugar al fútbol.,We like to play football.
pensando,thinking,Estoy pensando en mis vacaciones.,I am thinking about my vacation.
esperar,to wait,Tengo que esperar el tren.,I have to wait for the train.
sabemos,we know,Sabemos la verdad.,We know the truth.
recuerdo,memory,Tengo un buen recuerdo de mi infancia.,I have a good memory of my childhood.
par,pair,Compré un par de zapatos nuevos.,I bought a pair of new shoes.
joven,young,Ella es una joven talentosa.,She is a talented young woman.
seguir,to follow,Voy a seguir tus consejos.,I am going to follow your advice.
pueblo,town,Ese pueblo es muy pequeño.,That town is very small.
tenga,has,Espero que tenga buen día.,I hope you have a good day.
caballeros,gentlemen,Caballeros pasen adelante.,Gentlemen pass forward.
idiota,idiot,No seas idiota.,Don't be an idiot.
dio,he gave,Ella me dio un regalo.,She gave me a gift.
minuto,minute,Espera un minuto por favor.,Wait a minute please.
bebé,baby,El bebé duerme ahora.,The baby is sleeping now.
única,only,Eres mi única amiga.,You are my only friend.
lejos,far,La tienda está muy lejos.,The store is very far.
nuestras,our,Estas son nuestras maletas.,These are our suitcases.
plan,plan,Tenemos un plan claro.,We have a clear plan.
pienso,I think,Pienso que es una buena idea.,I think it's a good idea.
sentido,sense,Esto no tiene sentido.,This makes no sense.
dormir,to sleep,Necesito dormir ocho horas.,I need to sleep eight hours.
digas,you say,No digas mentiras.,Don't tell lies.
palabra,word,Esa palabra es difícil.,That word is difficult.
correcto,correct,Tu respuesta es correcta.,Your answer is correct.
control,control,El piloto tiene el control del avión.,The pilot has control of the plane.
vemos,we see,Vemos la película en casa.,We watch the movie at home.
entiendes,you understand,¿Entiendes la lección?,Do you understand the lesson?
país,country,España es un país hermoso.,Spain is a beautiful country.
seis,six,Hoy es día seis del mes.,Today is the sixth day of the month.
último,last,Este es mi último intento.,This is my last attempt.
ésta,this one,Ésta es mi casa.,This one is my house.
diga,say,Por favor diga la verdad.,Please say the truth.
podrías,you could,¿Podrías ayudarme con esto?,Could you help me with this?
pequeña,small,Tengo una pequeña mascota.,I have a small pet.
cállate,shut up,¡Cállate y escucha!,Shut up and listen!
trato,deal,Hicimos un trato justo.,We made a fair deal.
rey,king,El rey visitó el pueblo.,The king visited the town.
sucede,happens,Mira lo que sucede.,Look at what happens.
sam,Sam,Sam ganó el juego.,Sam won the game.
muchachos,boys,Los muchachos juegan fútbol.,The boys play soccer.
jamás,never,Jamás te mentiré.,I will never lie to you.
cama,bed,Quiero ir a la cama.,I want to go to bed.
srta,Miss,La srta López es profesora.,Miss Lopez is a teacher.
ayudar,to help,Él quiere ayudar a los demás.,He wants to help others.
acerca,about,Necesito hablar acerca del proyecto.,I need to talk about the project.
di,I gave,Di mi opinión en la reunión.,I gave my opinion at the meeting.
cambio,change,Hay un cambio de planes.,There is a change of plans.
falta,lack,La falta de agua es un problema.,The lack of water is a problem.
hospital,hospital,El hospital está cerca.,The hospital is nearby.
lleva,carries,Ella lleva una maleta grande.,She carries a large suitcase.
presidente,president,El presidente dio un discurso.,The president gave a speech.
mil,thousand,Compré mil flores.,I bought a thousand flowers.
gusto,pleasure,Es un gusto conocerte.,It's a pleasure to meet you.
conoces,you know,¿Conoces este lugar?,Do you know this place?
diciendo,saying,Él está diciendo la verdad.,He is telling the truth.
os,you (plural,informal),Os invito a la fiesta.,I invite you all to the party.
ido,gone,He ido al mercado.,I have gone to the market.
general,general,En general,todo está bien.,In general, everything is fine.
extraño,strange,Es un lugar extraño.,It's a strange place.
semanas,weeks,Tengo dos semanas de vacaciones.,I have two weeks of vacation.
coche,car,Compré un coche nuevo.,I bought a new car.
peor,worse,Este día es peor que ayer.,This day is worse than yesterday.
mucha,a lot (fem),Tengo mucha tarea.,I have a lot of homework.
disculpe,excuse me (formal),Disculpe,¿dónde está el baño?,Excuse me, where is the bathroom?
diré,I will say,Te diré un secreto.,I will tell you a secret.
anoche,last night,Anoche vi una película.,Last night I watched a movie.
perder,to lose,No quiero perder mi llave.,I don't want to lose my key.
vámonos,let's go,Vámonos antes de que empiece la lluvia.,Let's go before the rain starts.
nave,ship,La nave despegó temprano.,The ship took off early.
cielo,sky,El cielo está despejado.,The sky is clear.
habrá,there will be,Habrá una reunión mañana.,There will be a meeting tomorrow.
orden,order,Haz tu tarea en orden.,Do your homework in order.
segura,safe (fem),Ella se siente segura aquí.,She feels safe here.
querida,dear (fem),Querida amiga,te extraño mucho.,Dear friend, I miss you a lot.
niña,girl,La niña juega en el parque.,The girl plays in the park.
michael,Michael,Michael es mi mejor amigo.,Michael is my best friend.
increíble,incredible,Fue una experiencia increíble.,It was an incredible experience.
además,furthermore,Además,necesitamos más tiempo.,Furthermore, we need more time.
deben,you should/they must,Ustedes deben estudiar más.,You should study more.
libro,book,Estoy leyendo un libro interesante.,I am reading an interesting book.
calle,street,Vivo en la calle principal.,I live on Main Street.
café,coffee,Quiero un café por favor.,I want a coffee please.
piensas,you think,¿En qué piensas?,What are you thinking about?
hacemos,we do,¿Qué hacemos ahora?,What do we do now?
especial,special,Hoy es un día especial.,Today is a special day.
queremos,we want,Queremos pizza para cenar.,We want pizza for dinner.
ia,AI,Estoy aprendiendo sobre IA.,I am learning about AI.
clark,Clark,Clark trabaja con nosotros.,Clark works with us.
irme,to leave (for me),Necesito irme ahora.,I need to leave now.
perfecto,perfect,Tu respuesta es perfecta.,Your answer is perfect.
buscar,to look for,Voy a buscar mis llaves.,I am going to look for my keys.
odio,I hate,Odio la lluvia.,I hate the rain.
piensa,he/she thinks,Él piensa en su familia.,He thinks about his family.
oficina,office,Trabajo en una oficina grande.,I work in a large office.
hablas,you speak,¿Hablas español?,Do you speak Spanish?
libre,free,Estoy libre esta tarde.,I am free this afternoon.
agente,agent,El agente ayudó al cliente.,The agent helped the client.
york,York,Quiero viajar a York.,I want to travel to York.
llamar,to call,Voy a llamar a mi madre.,I am going to call my mother.
mala,bad (fem),Tiene una mala actitud hoy.,She has a bad attitude today.
detrás,behind,El gato está detrás de la puerta.,The cat is behind the door.
viste,you saw,¿Viste la película?,Did you see the movie?
dile,tell him/her,Dile la verdad.,Tell him the truth.
grandes,great/large,Son grandes amigos.,They are great friends.
recuerdas,you remember,¿Recuerdas mi número?,Do you remember my number?
real,real,Es una historia real.,It is a real story.
estaban,they were,Ellos estaban en casa.,They were at home.
mía,mine (fem),Esa casa es mía.,That house is mine.
frente,in front,Estoy frente a la escuela.,I am in front of the school.
perdido,lost,Estoy perdido en la ciudad.,I am lost in the city.
llamo,I call / I'm called,Me llamo Juan.,My name is Juan.
muertos,dead,Los muertos descansan en paz.,The dead rest in peace.
millones,millions,Hay millones de estrellas.,There are millions of stars.
asesino,killer,El asesino fue arrestado.,The killer was arrested.
sueño,dream,Tuve un sueño extraño.,I had a strange dream.
quisiera,I would like,Quisiera un vaso de agua.,I would like a glass of water.
habría,there would be,Si lloviera,habría problemas.,If it rained, there would be problems.
hará,it will be / will do,Mañana hará sol.,Tomorrow it will be sunny.
viaje,trip,El viaje fue largo.,The trip was long.
probablemente,probably,Probablemente llueva hoy.,It will probably rain today.
peter,Peter,Peter vive en Londres.,Peter lives in London.
resto,rest/remainder,Comemos ahora el resto del pastel.,Now we eat the rest of the cake.
estaré,I will be,Estaré allí temprano.,I will be there early.
maldición,damn/curse,Maldición,lo olvidé.,Damn, I forgot it.
lamento,I apologize,Lamento el retraso.,I apologize for the delay.
muchacho,boy,El muchacho lee un libro.,The boy is reading a book.
avión,airplane,El avión está despegando.,The airplane is taking off.
ropa,clothes,Necesito comprar ropa nueva.,I need to buy new clothes.
fuerza,strength/force,La fuerza del viento es fuerte.,The wind's force is strong.
llamado,called,El libro llamado Historia es interesante.,The book called History is interesting.
oído,ear,Me duele el oído.,My ear hurts.
frank,Frank,Frank llegó tarde.,Frank arrived late.
dado,given,Te he dado mi palabra.,I have given you my word.
encima,on top,El gato está encima de la mesa.,The cat is on top of the table.
negro,black,Mi coche es negro.,My car is black.
usar,to use,Quiero usar tu teléfono.,I want to use your phone.
información,information,Necesito más información.,I need more information.
uds,you all,Uds. pueden entrar.,You all can come in.
preguntas,questions,Tengo muchas preguntas.,I have many questions.
tuvo,he/she had,Él tuvo un accidente.,He had an accident.
secreto,secret,Este es un secreto.,This is a secret.
vuelve,returns / come back,Vuelve pronto.,Come back soon.
miren,look (pl. imper.),Miren esto.,Look at this.
quieras,you want (subj.),Ven cuando quieras.,Whenever you want, let me know.
haría,I/he would do,Yo lo haría si pudiera.,I would do it if I could.
acaba,has just,Él acaba de llegar.,He has just arrived.
otras,other (fem pl),Necesito otras opciones.,I need other options.
incluso,even,Incluso él lo sabe.,Even he knows it.
sientes,you feel,¿Cómo te sientes?,How do you feel?
deberíamos,we should,Deberíamos salir ahora.,We should leave now.
haz,do (imperative),Haz tu trabajo.,Do your work.
decirte,to tell you,Quisiera decirte algo importante.,I would like to tell you something important.
boca,mouth,Cierra la boca.,Close your mouth.
dolor,pain,Tengo dolor de cabeza.,I have a headache.
baño,bathroom,Voy al baño.,I go to the bathroom.
adentro,inside,Quédate adentro.,Stay inside.
profesor,teacher,El profesor explica la lección.,The teacher explains the lesson.
habitación,room,Mi habitación es muy cómoda.,My room is very comfortable.
daño,damage,El huracán causó mucho daño.,The hurricane caused a lot of damage.
tuyo,yours,Este libro es tuyo.,This book is yours.
seas,you are (subjunctive of ser),Quiero que seas feliz.,I want you to be happy.
noticias,news,¿Tienes buenas noticias?,Do you have good news?
demás,others,Los demás ya llegaron.,The others have already arrived.
querido,dear,Querido amigo,gracias por todo.,Dear friend, thank you for everything.
duro,hard,Este ejercicio es muy duro.,This exercise is very hard.
poner,to put,Voy a poner la mesa.,I am going to set the table.
prueba,test,Pasé la prueba ayer.,I passed the test yesterday.
mire,(formal) look,Mire este documento.,Look at this document.
tonto,stupid,No seas tonto.,Don’t be stupid.
campo,countryside,Me gusta el campo.,I like the countryside.
siendo,being,Está siendo difícil.,It is being difficult.
diez,ten,Tengo diez manzanas.,I have ten apples.
ése,that one,Me gusta ése.,I like that one.
tranquilo,calm,Quédate tranquilo.,Stay calm.
asunto,matter,Hablemos de ese asunto.,Let’s talk about that matter.
acabó,ended,La fiesta ya acabó.,The party has already ended.
quédate,stay,Quédate conmigo.,Stay with me.
derecho,right,Es tu derecho opinar.,It is your right to speak.
placer,pleasure,Es un placer conocerte.,It’s a pleasure to meet you.
recuerda,remember,Recuerda la cita.,Remember the appointment.
estuve,I was,Anoche estuve de viaje.,Last night I was traveling.
tratando,trying,Estoy tratando de ayudar.,I am trying to help.
ejército,army,El ejército marchó hoy.,The army marched today.
futuro,future,Pienso en el futuro.,I think about the future.
llevar,to take,Debes llevar un paraguas.,You should take an umbrella.
compañía,company,Disfruto de tu compañía.,I enjoy your company.
venido,come (ptcp),Has venido muy pronto.,You have come very early.
listos,ready,¿Están listos?,Are you ready?
haremos,we will do,Haremos la cena juntos.,We will make dinner together.
sitio,place,Este sitio es bonito.,This place is beautiful.
verlo,to see him/it,Quiero verlo mañana.,I want to see it tomorrow.
puesto,position,Él ocupa un puesto alto.,He holds a high position.
atención,attention,Presta atención.,Pay attention.
sino,but rather,No es alto sino bajo.,He is not tall but rather short.
cambiar,to change,Voy a cambiar de ropa.,I am going to change clothes.
error,error,Cometí un error.,I made a mistake.
blanco,white,El papel es blanco.,The paper is white.
raro,strange,Su actitud es rara.,His attitude is strange.
palabras,words,Escribe tus palabras.,Write your words.
llegó,arrived,Él llegó tarde.,He arrived late.
sal,salt,Pásame la sal.,Pass me the salt.
pase,pass,Que pase el siguiente.,Let the next one come in.
mente,mind,Mantén la mente abierta.,Keep an open mind.
sistema,system,El sistema funciona bien.,The system works well.
película,movie,Vi una película anoche.,I watched a movie last night.
anda,go on,Anda y verás.,Go on and you will see.
ello,it (neuter),No entiendo ello.,I do not understand it.
negocio,business,Su negocio crece rápido.,His business is growing fast.
novia,girlfriend,Tengo una nueva novia.,I have a new girlfriend.
permiso,permission,Pide permiso primero.,Ask for permission first.
creí,I believed,Creí en tu palabra.,I believed your word.
suena,it sounds,Suena bien.,It sounds good.
ocurre,it occurs,¿Qué te ocurre?,What is happening to you?
oficial,official,Este es un comunicado oficial.,This is an official statement.
espere,wait (formal),Espere un momento.,Please wait a moment.
aire,air,El aire está fresco.,The air is fresh.
george,George,George vive en Londres.,George lives in London.
mató,killed,Él mató al enemigo.,He killed the enemy.
harry,Harry,Harry es mi vecino.,Harry is my neighbor.
regresar,to return,Quiero regresar pronto.,I want to return soon.
vio,he/she saw,Ella vio la película.,She saw the movie.
hazlo,do it,Hazlo ahora.,Do it now.
trasero,behind/ butt,Se cayó de trasero.,He fell on his ass.
grupo,group,El grupo cantó bien.,The group sang well.
entendido,understood,Todo entendido.,Everything understood.
señorita,miss,La señorita espera aquí.,The miss is waiting here.
música,music,Me gusta la música.,I like music.
perra,bitch (female dog),La perra corre rápido.,The female dog runs fast.
conoce,he/she knows,¿Conoce a María?,Do you know Maria?
empezar,to begin,Quiero empezar hoy.,I want to begin today.
siente,he/she feels,Se siente feliz.,He feels happy.
acabo,I just,Acabo de llegar.,I just arrived.
estúpido,stupid,No seas estúpido.,Don’t be stupid.
diferente,different,Este libro es diferente.,This book is different.
traje,suit,I wore a suit,Ayer traje un traje.,Yesterday I wore a suit.
modo,way,De ese modo funciona.,It works that way.
james,James,James es ingeniero.,James is an engineer.
encontré,I found,Encontré tus llaves.,I found your keys.
mensaje,message,Recibí tu mensaje.,I received your message.
llamada,call,Tuve una llamada importante.,I had an important call.
navidad,Christmas,La Navidad es linda.,Christmas is lovely.
eras,you were (pl subj),Si eras más valiente…,If you were braver…
pena,pity,Es una pena grande.,It is a great pity.
largo,long,El camino es largo.,The road is long.
entra,enter,Entra y siéntate.,Enter and sit down.
piso,floor,El piso está limpio.,The floor is clean.
foto,photo,Toma una foto.,Take a photo.
dijeron,they said,Ellos dijeron la verdad.,They told the truth.
médico,doctor,Visité al médico.,I visited the doctor.
accidente,accident,Hubo un accidente.,There was an accident.
fuiste,you went,Fuiste al mercado.,You went to the market.
imposible,impossible,Es imposible hacerlo.,It is impossible to do it.
podríamos,we could,Podríamos viajar mañana.,We could travel tomorrow.
línea,line,Dibuja una línea.,Draw a line.
propia,own,Tiene su propia casa.,She has her own house.
barco,boat,El barco zarpa al amanecer.,The boat sets sail at dawn.
ganar,to win,Quiero ganar el partido.,I want to win the match.
normal,normal,Todo está normal ahora.,Everything is normal now.
segundos,seconds,Espera unos segundos.,Wait a few seconds.
vive,lives,Ella vive en Madrid.,She lives in Madrid.
mitad,half,Comí la mitad del pastel.,I ate half of the cake.
quiera,wants (subjunctive),Espero que él quiera ayudar.,I hope that he wants to help.
tras,after,Fue tras el ladrón.,He went after the thief.
decirle,to tell him/her,Voy a decirle la verdad.,I am going to tell him the truth.
lindo,pretty,Es un lugar muy lindo.,It's a very pretty place.
funciona,works,La impresora funciona bien.,The printer works well.
programa,program/show,Mira este programa de televisión.,Watch this TV show.
vine,I came,Yo vine en coche.,I came by car.
abre,opens,Ella abre la ventana.,She opens the window.
sean,are (subjunctive),Es importante que sean puntuales.,It's important that they be on time.
pagar,to pay,Necesito pagar la cuenta.,I need to pay the bill.
fotos,photos,Tomé muchas fotos ayer.,I took many photos yesterday.
centro,center,El museo está en el centro.,The museum is in the center.
supone,implies,Esto supone un gran avance.,This implies a great advance.
basura,garbage,Tira la basura al contenedor.,Throw the garbage in the bin.
situación,situation,La situación es complicada.,The situation is complicated.
mejores,best,Ellos son los mejores jugadores.,They are the best players.
vienen,they come,Mis amigos vienen mañana.,My friends are coming tomorrow.
encanta,loves,Me encanta la música.,I love music.
marido,husband,Mi marido cocina muy bien.,My husband cooks very well.
personal,staff,El personal es muy amable.,The staff is very friendly.
maestro,teacher,El maestro enseña historia.,The teacher teaches history.
hambre,hunger,Tengo mucha hambre.,I am very hungry.
ataque,attack,El ataque duró cinco minutos.,The attack lasted five minutes.
culo,butt,Se cayó de culo al suelo.,He fell on his butt on the floor.
dale,give (imperative),Dale el libro a María.,Give the book to Maria.
pie,foot,Me duele el pie.,My foot hurts.
conseguir,to get,Espero conseguir el empleo.,I hope to get the job.
trabajando,working,Estoy trabajando ahora.,I am working now.
gracioso,funny,Tu amigo es muy gracioso.,Your friend is very funny.
dejó,left,Él dejó su abrigo aquí.,He left his coat here.
pudo,could,No pudo terminar el proyecto.,He couldn't finish the project.
derecha,right,Gira a la derecha.,Turn to the right.
izquierda,left,Toma la calle de la izquierda.,Take the left street.
próxima,next,La próxima semana viajaré.,Next week I will travel.
pobre,poor,El perro es muy pobre y solo.,The dog is very poor and lonely.
respuesta,answer,Necesito una respuesta rápida.,I need a quick answer.
tipos,types,Hay muchos tipos de flores.,There are many types of flowers.
sentir,to feel,Puedo sentir el frío.,I can feel the cold.
tenías,you had,Antes tenías más tiempo libre.,You used to have more free time.
pude,I could,Ayer pude ayudarte.,Yesterday I could help you.
darle,to give him/her,Voy a darle un regalo.,I am going to give her a gift.
voz,voice,Tu voz suena diferente.,Your voice sounds different.
amiga,friend (f.),Mi amiga es doctora.,My friend is a doctor.
gustan,they like,Me gustan los libros.,I like books.
vista,view,La vista desde aquí es hermosa.,The view from here is beautiful.
salvo,except,Todos vinieron,salvo Juan.,Everyone came, except Juan.
loca,crazy (f.),Mi hermana está loca de alegría.,My sister is crazy with joy.
hotel,hotel,Reservé una habitación en un hotel.,I booked a room in a hotel.
hicieron,they did,Ellos hicieron la tarea ayer.,They did the homework yesterday.
ten,have (imperative),Ten paciencia,por favor.,Have patience, please.
temo,I fear,Temo no llegar a tiempo.,I fear I won't arrive on time.
señal,signal,No hay señal de Wi-Fi aquí.,There is no Wi-Fi signal here.
pelo,hair,Se cepilla el pelo cada mañana.,He brushes his hair every morning.
llevo,I wear/carry,Llevo un abrigo azul.,I am wearing a blue coat.
ayer,yesterday,Ayer llovió mucho.,It rained a lot yesterday.
das,you give,Siempre das buenos consejos.,You always give good advice.
nena,baby/girl,Hola,nena, ¿cómo estás?,Hi baby, how are you?
servicio,service,El servicio del restaurante fue excelente.,The restaurant's service was excellent.
tren,train,El tren llega a las seis.,The train arrives at six.
tom,Tom (name),Tom vive en España.,Tom lives in Spain.
bonito,beautiful,Qué día más bonito hace hoy.,What a beautiful day it is today.
mes,month,Este mes tengo vacaciones.,This month I have vacations.
tendrá,he/she will have,Mañana tendrá tiempo.,Tomorrow he will have time.
tendrás,you will have,Tendrás éxito si te esfuerzas.,You will succeed if you make an effort.
edad,age,¿Cuál es tu edad?,What is your age?
ellas,they (f.),Ellas estudian juntas.,They study together.
hermosa,beautiful,Es una vista hermosa.,It's a beautiful view.
ben,Ben (name),Ben es mi amigo.,Ben is my friend.
honor,honor,Es un honor conocerte.,It's an honor to meet you.
simplemente,simply,Simplemente no lo entiendo.,I simply don't understand it.
llamas,you call/are called,¿Cómo te llamas?,What's your name?
tengas,you have (subj.),Espero que tengas un buen día.,I hope you have a good day.
corre,runs,Él corre todos los días.,He runs every day.
baja,drops/goes down,La temperatura baja por la noche.,The temperature drops at night.
sol,sun,El sol brilla hoy.,The sun shines today.
siéntate,sit down,Por favor,siéntate aquí.,Please, sit down here.
dan,they give,Ellos dan regalos en Navidad.,They give presents at Christmas.
humano,human,Es un error humano.,It's a human error.
divertido,fun,La película fue muy divertida.,The movie was very fun.
sexo,sex,El sexo seguro es importante.,Safe sex is important.
vuelto,returned,He vuelto a casa.,I have returned home.
peligro,danger,Hay peligro en esa zona.,There is danger in that area.
mesa,table,Pon los libros en la mesa.,Put the books on the table.
jimmy,Jimmy (name),Jimmy juega al fútbol.,Jimmy plays football.
siguiente,next,Lee la siguiente página.,Read the next page.
hablo,I speak,Hablo tres idiomas.,I speak three languages.
disculpa,excuse/apology,Disculpa mi tardanza.,Excuse my lateness.
decirme,to tell me,¿Puedes decirme la hora?,Can you tell me the time?
joe,Joe (name),Joe trabaja en la oficina.,Joe works in the office.
caja,box,Ponlo en la caja.,Put it in the box.
negocios,business,Ella estudia negocios.,She studies business.
misión,mission,La misión fue un éxito.,The mission was a success.
silencio,silence,Guarda silencio,por favor.,Be quiet, please.
sale,he/she leaves,Él sale de la casa.,He leaves the house.
llegado,arrived,Ella ha llegado tarde.,She has arrived late.
estaría,would be,Yo estaría feliz con tu ayuda.,I would be happy with your help.
regreso,return,Esperamos tu regreso.,We await your return.
media,half,Comí media manzana.,I ate half an apple.
estan,they are,Ellos están en el parque.,They are in the park.
propio,own,Tengo mi propio coche.,I have my own car.
charlie,Charlie,Charlie vive aquí.,Charlie lives here.
oro,gold,El anillo es de oro.,The ring is made of gold.
enseguida,right away,Lo haré enseguida.,I will do it right away.
linda,pretty,La casa es muy linda.,The house is very pretty.
prometo,I promise,Te prometo que vendré.,I promise you I will come.
esposo,husband,Mi esposo trabaja mucho.,My husband works a lot.
norte,north,Vivimos al norte de la ciudad.,We live to the north of the city.
hubo,there was,Hubo un accidente ayer.,There was an accident yesterday.
juro,I swear,Te juro que digo la verdad.,I swear I am telling the truth.
muerta,dead,La planta está muerta.,The plant is dead.
interesante,interesting,El libro es interesante.,The book is interesting.
pensaba,I was thinking,Yo pensaba en ti.,I was thinking about you.
busca,(he/she) looks for,Él busca sus llaves.,He looks for his keys.
terminar,to finish,Quiero terminar el proyecto.,I want to finish the project.
tendré,I will have,Tendré tiempo mañana.,I will have time tomorrow.
completamente,completely,Estoy completamente de acuerdo.,I completely agree.
cita,appointment,Tengo una cita con el doctor.,I have an appointment with the doctor.
siete,seven,Hay siete días en una semana.,There are seven days in a week.
cumpleaños,birthday,Mi cumpleaños es en julio.,My birthday is in July.
abogado,lawyer,El abogado habló con el juez.,The lawyer spoke with the judge.
alrededor,around,Hay árboles alrededor de la casa.,There are trees around the house.
cerebro,brain,El cerebro controla el cuerpo.,The brain controls the body.
porqué,reason,No entiendo el porqué de tu enojo.,I don't understand the reason for your anger.
llave,key,Perdí mi llave.,I lost my key.
santo,saint,San Pedro es un santo.,Saint Peter is a saint.
hermoso,beautiful,El paisaje es hermoso.,The landscape is beautiful.
necesario,necessary,Es necesario estudiar.,It is necessary to study.
edificio,building,El edificio es muy alto.,The building is very tall.
irnos,to leave (us),Tenemos que irnos ahora.,We have to leave now.
aun,even,Aun los niños lo saben.,Even children know it.
tendremos,we will have,Tendremos una reunión mañana.,We will have a meeting tomorrow.
vayas,you go (subj.),Espero que vayas al médico.,I hope you go to the doctor.
doy,I give,Yo te doy un regalo.,I give you a gift.
trae,he/she brings,Ella trae la comida.,She brings the food.
salió,he/she left,Ella salió temprano.,She left early.
ley,law,La ley es clara.,The law is clear.
ahi,there,El gato está ahí.,The cat is there.
verdadero,true,Eso es verdadero.,That is true.
pelea,fight,La pelea empezó ayer.,The fight started yesterday.
banco,bank,Voy al banco ahora.,I am going to the bank now.
terrible,terrible,La película fue terrible.,The movie was terrible.
calma,calm,Mantén la calma.,Keep calm.
cena,dinner,La cena está lista.,Dinner is ready.
daré,I will give,Te daré una respuesta pronto.,I will give you an answer soon.
gobierno,government,El gobierno anunció cambios.,The government announced changes.
comprar,to buy,Voy a comprar pan.,I am going to buy bread.
creen,they believe,Ellos creen en la suerte.,They believe in luck.
sargento,sergeant,El sargento dio órdenes.,The sergeant gave orders.
destino,destiny,El destino nos unió.,Destiny brought us together.
bob,Bob,Bob trabaja conmigo.,Bob works with me.
existe,exists,Dios existe para muchos.,God exists for many.
hacía,used to do,Yo hacía ejercicio cada día.,I used to exercise every day.
novio,boyfriend,Mi novio es muy amable.,My boyfriend is very kind.
sala,living room,La sala está ordenada.,The living room is tidy.
través,through,Vimos a través de la ventana.,We saw through the window.
regalo,gift,Ella recibió un regalo.,She received a gift.
iglesia,church,Vamos a la iglesia.,We go to church.
decía,was saying,Él decía la verdad.,He was telling the truth.
cualquiera,anyone,Cualquiera puede hacerlo.,Anyone can do it.
excelente,excellent,Tu trabajo es excelente.,Your work is excellent.
esperen,wait (pl. imper.),Esperen aquí,por favor.,Wait here, please.
deseo,desire,Tengo el deseo de viajar.,I have the desire to travel.
alma,soul,Ella tiene un alma bella.,She has a beautiful soul.
diablo,devil,Cuidado con el diablo.,Beware of the devil.
deje,do not leave (formal),No deje la ventana abierta.,Do not leave the window open.
cuántos,how many,¿Cuántos libros tienes?,How many books do you have?
espada,sword,El caballero blandió su espada.,The knight brandished his sword.
estábamos,we were,Estábamos en la playa.,We were at the beach.
carne,meat,Me gusta la carne roja.,I like red meat.
maravilloso,wonderful,Fue un día maravilloso.,It was a wonderful day.
vidas,lives,Salvamos dos vidas.,We saved two lives.
sucedió,happened,¿Qué sucedió ayer?,What happened yesterday?
oí,I heard,Yo oí un ruido extraño.,I heard a strange noise.
peligroso,dangerous,Ese camino es peligroso.,That road is dangerous.
dirección,address,La dirección está en el sobre.,The address is on the envelope.
libertad,freedom,La libertad es importante.,Freedom is important.
jesús,Jesus,Jesús es un nombre común.,Jesus is a common name.
ocurrió,occurred,Algo extraño ocurrió anoche.,Something strange occurred last night.
veré,I will see,Te veré mañana.,I will see you tomorrow.
sueños,dreams,Recuerdo mis sueños vívidos.,I remember my vivid dreams.
pudiera,could,Ojalá pudiera ir contigo.,I wish I could go with you.
detective,detective,El detective investigó el caso.,The detective investigated the case.
sorpresa,surprise,Fue una gran sorpresa.,It was a big surprise.
tuya,yours,Esa decisión es tuya.,That decision is yours.
pies,feet,Me duelen los pies.,My feet hurt.
club,club,Estoy en un club de lectura.,I am in a book club.
terminado,finished,He terminado mi tarea.,I have finished my homework.
infierno,hell,Esto es un infierno.,This is hell.
creía,I/he believed,Yo creía en ti.,I believed in you.
luna,moon,La luna brilla esta noche.,The moon shines tonight.
salvar,to save,Quiero salvar el planeta.,I want to save the planet.
carta,letter,Recibí una carta ayer.,I received a letter yesterday.
estés,you are (subj.),Espero que estés bien.,I hope you are well.
cielos,skies,Los cielos están despejados,The skies are clear
teniente,lieutenant,El teniente habló con el capitán,The lieutenant spoke with the captain
encuentra,finds,Ella encuentra la llave en el jardín,She finds the key in the garden
david,David,David es mi mejor amigo,David is my best friend
veamos,let's see,Veamos qué pasa mañana,Let's see what happens tomorrow
quise,I wanted,Ayer quise llamarte,Yesterday I wanted to call you
escúchame,listen to me,Escúchame con atención,Listen to me carefully
necesitan,they need,Ellos necesitan ayuda urgente,They need urgent help
ambos,both,Ambos equipos ganaron,Both teams won
decisión,decision,Su decisión fue valiente,Her decision was brave
roma,Rome,Roma es una ciudad histórica,Rome is a historic city
enemigo,enemy,Conocemos al enemigo,We know the enemy
hicimos,we did,Hicimos todo lo posible,We did everything possible
éi,hey,Éi espera por favor,Hey wait please
dulce,sweet,El pastel está muy dulce,The cake is very sweet
pruebas,evidence,Las pruebas son concluyentes,The evidence is conclusive
querías,you wanted,Tú querías ir al cine,You wanted to go to the movies
abuelo,grandfather,Mi abuelo cuenta historias,My grandfather tells stories
totalmente,totally,Estoy totalmente de acuerdo,I totally agree
mirando,watching,Ella está mirando la televisión,She is watching television
vayan,go,Vayan al aula ahora,Go to the classroom now
carrera,race,Mi hermana empezó una carrera de 5 km,My sister started a 5 km race
vuelo,flight,El vuelo sale a las ocho,The flight departs at eight
ante,before,Se presentó ante el jurado,He appeared before the jury
bienvenido,welcome,¡Bienvenido a casa!,Welcome home!
harás,you will do,¿Qué harás mañana?,What will you do tomorrow?
encontramos,we found,Encontramos la solución,We found the solution
encontrado,found,He encontrado tus llaves,I have found your keys
contacto,contact,Necesito tu contacto,I need your contact
posición,position,Mantén tu posición,Hold your position
saberlo,to know it,Quiero saberlo ahora,I want to know it now
planeta,planet,La Tierra es un planeta,Earth is a planet
humanos,humans,Los humanos necesitan agua,Humans need water
coronel,colonel,El coronel dio la orden,The colonel gave the order
junto,together,Llegaron juntos a la fiesta,They arrived together at the party
diría,I would say,Yo diría que es difícil,I would say that it is difficult
ésa,that one,Ésa es mi decisión,That one is my decision
base,base,La base militar es segura,The military base is secure
oír,to hear,Quiero oír tu voz,I want to hear your voice
suelo,ground,Cae al suelo sin avisar,He falls to the ground without warning
pelear,to fight,No quiero pelear contigo,I don't want to fight with you
ayudarte,to help you,Estoy aquí para ayudarte,I'm here to help you
pistola,gun,Encontré una pistola en la escena,I found a gun at the scene
frío,cold,Hace mucho frío hoy,It's very cold today
comandante,commander,El comandante supervisa la base,The commander oversees the base
partes,parts,Reemplazamos las partes dañadas,We replaced the damaged parts
llega,arrives,Ella llega tarde siempre,She always arrives late
verás,you will see,Verás que todo saldrá bien,You'll see that everything will turn out fine
sur,south,Viajaremos al sur de España,We will travel to the south of Spain
iremos,we will go,Iremos al concierto juntos,We will go to the concert together
rato,a while,Espera un rato aquí,Wait here for a while
mar,sea,El mar está agitado hoy,The sea is rough today
espacio,space,El espacio es infinito,Space is infinite
asesinato,murder,El asesinato ocurrió anoche,The murder happened last night
ventana,window,Abre la ventana por favor,Open the window please
prisa,haste,No tengo prisa,I'm not in a hurry
tienda,store,Voy a la tienda ahora,I'm going to the store now
cámara,camera,Ella compró una cámara nueva,She bought a new camera
puedas,you can,Espero que puedas venir,I hope you can come
según,according to,Según el informe todo está bien,According to the report everything is fine
broma,joke,Esa broma fue divertida,That joke was funny
reunión,meeting,La reunión empieza a las nueve,The meeting starts at nine
despierta,wake up,Despierta temprano mañana,Wake up early tomorrow
sacar,to take out,Voy a sacar la basura,I am going to take out the trash
tí,you (object),Esto es para ti,This is for you
segunda,second,Ella ganó el segundo lugar,She won second place
papel,paper,Necesito papel para escribir,I need paper to write
locura,crazy,Es una locura intentar eso,It's crazy to attempt that
departamento,apartment,Vivo en un departamento pequeño,I live in a small apartment
horrible,horrible,La película fue horrible,The movie was horrible
enfermo,sick,Estoy enfermo hoy,I'm sick today
pregunto,I ask,Siempre pregunto cuando no entiendo,I always ask when I don't understand
cárcel,jail,El ladrón fue enviado a la cárcel,The thief was sent to jail
órdenes,orders,Sigo tus órdenes al pie de la letra,I follow your orders to the letter
intento,attempt,Mi primer intento fue fallido,My first attempt was unsuccessful
isla,island,Viajamos a una isla paradisíaca,We traveled to a paradisiacal island
salida,exit,La salida está al final del pasillo,The exit is at the end of the hallway
llamó,called,Ella me llamó ayer,She called me yesterday
volveré,I will return,Pronto volveré a casa,I will return home soon
usa,uses,Ella usa su teléfono constantemente,She uses her phone constantly
gato,cat,El gato duerme en el sofá,The cat sleeps on the sofa
paul,Paul,Paul trabaja en la oficina,Paul works in the office
hagan,make/do (imperative),Hagan silencio por favor,Be quiet please
dejes,leave,No dejes la puerta abierta,Don't leave the door open
duele,hurts,Me duele la cabeza,My head hurts
vengan,come,Vengan a la fiesta esta noche,Come to the party tonight
crimen,crime,El crimen organizado es peligroso,Organized crime is dangerous
esperaba,I was expecting,Yo esperaba tu llamada,I was expecting your call
causa,cause,No entiendo la causa del problema,I don't understand the cause of the problem
bar,bar,Vamos al bar esta noche,Let's go to the bar tonight
seré,I will be,Seré breve,I will be brief
ocho,eight,Tengo ocho años,I am eight years old
temprano,early,Llegué muy temprano hoy,I arrived very early today
río,river,El río fluye rápido,The river flows quickly
relación,relationship,Tienen una relación fuerte,They have a strong relationship
drogas,drugs,La policía confiscó las drogas,The police confiscated the drugs
luces,lights,Las luces están apagadas,The lights are off
bromeando,joking,Solo estaba bromeando,I was just joking
ojalá,I hope,Ojalá que llueva mañana,I hope it rains tomorrow
hablamos,we talked,Hablamos ayer por teléfono,We talked yesterday on the phone
trabaja,works,Él trabaja en una oficina.,He works in an office.
irse,to leave,Tengo que irme ahora.,I have to leave now.
libros,books,Los libros están en la mesa.,The books are on the table.
radio,radio,Escucho la radio por la mañana.,I listen to the radio in the morning.
mary,Mary,Mary es mi amiga.,Mary is my friend.
ray,Ray,Ray vive en California.,Ray lives in California.
bill,Bill,Bill es ingeniero.,Bill is an engineer.
vienes,are you coming,¿Vienes a la fiesta?,Are you coming to the party?
quedan,there are ... left,Quedan tres días para el evento.,There are three days left until the event.
excepto,except,Todos vinieron excepto Juan.,Everyone came except Juan.
brazo,arm,Me duele el brazo.,My arm hurts.
tome,take (formal),Tome asiento,por favor.,Please take a seat.
rojo,red,El coche rojo es rápido.,The red car is fast.
conocido,known,Es un artista muy conocido.,He is a very well-known artist.
universidad,university,Voy a la universidad cada día.,I go to university every day.
investigación,research,La investigación avanza lentamente.,The research is progressing slowly.
batalla,battle,La batalla duró tres horas.,The battle lasted three hours.
reglas,rules,Sigue las reglas del juego.,Follow the game rules.
cargo,position,Ella aceptó el cargo de directora.,She accepted the position of director.
hogar,home,El hogar es donde está el corazón.,Home is where the heart is.
ninguno,none,Ninguno de los libros es interesante.,None of the books are interesting.
dieron,they gave,Ellos me dieron un regalo.,They gave me a gift.
vuelva,come back (formal),Vuelva pronto,por favor.,Please come back soon.
sabías,you knew,¿Sabías la respuesta?,Did you know the answer?
respeto,respect,Debes mostrar respeto siempre.,You should always show respect.
estación,station,La estación de tren está cerca.,The train station is nearby.
corte,cut,Ten cuidado con ese corte.,Be careful with that cut.
paciente,patient,El paciente espera al doctor.,The patient waits for the doctor.
encuentro,meeting,Tenemos un encuentro a las tres.,We have a meeting at three.
energía,energy,Necesito más energía por la mañana.,I need more energy in the morning.
dejado,left,He dejado mis llaves en casa.,I have left my keys at home.
baile,dance,El baile empieza a las ocho.,The dance starts at eight.
fbi,FBI,El FBI investiga el caso.,The FBI is investigating the case.
abuela,grandmother,Mi abuela cocina muy bien.,My grandmother cooks very well.
caliente,hot,El café está muy caliente.,The coffee is very hot.
vieja,old,Tengo una bicicleta vieja.,I have an old bicycle.
viendo,watching,Estoy viendo la televisión.,I am watching television.
veremos,we will see,Mañana veremos la película.,Tomorrow we will see the movie.
rayos,rays,Los rayos del sol son fuertes.,The sun's rays are strong.
simple,simple,La solución es muy simple.,The solution is very simple.
bailar,to dance,Me gusta bailar salsa.,I like to dance salsa.
papa,potato,Compré una bolsa de papas.,I bought a bag of potatoes.
triste,sad,Estoy triste hoy.,I am sad today.
zona,area,Esta zona es residencial.,This area is residential.
serás,you will be,Serás un gran médico.,You will be a great doctor.
guardia,guard,El guardia cuida la entrada.,The guard watches the entrance.
canción,song,Esa canción es muy popular.,That song is very popular.
salud,health,La salud es muy importante.,Health is very important.
escuchar,to listen,Me gusta escuchar música.,I like to listen to music.
parar,to stop,Por favor,para de hablar.,Please stop talking.
mike,Mike,Mike juega al fútbol muy bien.,Mike plays soccer very well.
estarás,you will be,¿Estarás listo para mañana?,Will you be ready for tomorrow?
cenar,to have dinner,Vamos a cenar a las ocho.,We are going to have dinner at eight.
max,Max,Max es mi gato.,Max is my cat.
soldados,soldiers,Los soldados marchan en formación.,The soldiers march in formation.
caballo,horse,El caballo corre rápido.,The horse runs fast.
serán,they will be,Ellos serán felices juntos.,They will be happy together.
estaremos,we will be,Estaremos en casa mañana.,We will be at home tomorrow.
interesa,it interests,Me interesa la historia.,History interests me.
volar,to fly,El pájaro puede volar alto.,The bird can fly high.
principio,beginning,Al principio fue difícil.,At the beginning it was difficult.
nivel,level,Llegó al nivel más alto.,He reached the highest level.
cálmate,calm down,Cálmate y respira hondo.,Calm down and take a deep breath.
conocer,to meet,Quiero conocer a tus padres.,I want to meet your parents.
finalmente,finally,Finalmente,llegamos al final.,Finally, we reached the end.
alegro,I am glad,Me alegro de verte.,I'm glad to see you.
debajo,underneath,El gato está debajo de la mesa.,The cat is under the table.
podrían,could (polite),¿Podrían ayudarme,por favor?,Could you help me, please?
bosque,forest,El bosque está lleno de árboles.,The forest is full of trees.
bonita,pretty,Tienes una casa muy bonita.,You have a very pretty house.
bolsa,bag,Puse mis libros en la bolsa.,I put my books in the bag.
pone,he/she puts,Él pone la mesa cada día.,He sets the table every day.
taxi,taxi,Tomé un taxi al aeropuerto.,I took a taxi to the airport.
ocupado,busy,Estoy ocupado en este momento.,I am busy at the moment.
amable,kind,Ella es muy amable.,She is very kind.
ryan,Ryan,Ryan vino temprano.,Ryan came early.
acaso,perhaps,¿Acaso sabes la respuesta?,Do you perhaps know the answer?
detente,stop (command),¡Detente antes de cruzar!,Stop before crossing!
imbécil,idiot,No seas imbécil.,Don't be an idiot.
san,Saint,San Francisco es una ciudad famosa.,San Francisco is a famous city.
equivocado,wrong,Estás equivocado sobre eso.,You are wrong about that.
viva,long live,¡Viva España!,Long live Spain!
puso,he/she put,Ella puso la llave en la mesa.,She put the key on the table.
obra,play/work,La obra de teatro fue un éxito.,The play was a success.
consejo,advice,Te doy un buen consejo.,I give you a good piece of advice.
público,public,El evento fue abierto al público.,The event was open to the public.
ayúdame,help me,¡Ayúdame con esta tarea!,Help me with this homework!
animales,animals,Me gustan los animales salvajes.,I like wild animals.
azul,blue,El cielo es azul.,The sky is blue.
apuesto,handsome,Ese actor es muy apuesto.,That actor is very handsome.
prisión,prison,El ladrón está en prisión.,The thief is in prison.
mirar,to watch,Ella va a mirar la película.,She is going to watch the movie.
inteligente,intelligent,El estudiante es muy inteligente.,The student is very intelligent.
metros,meters,La piscina mide veinte metros.,The pool is twenty meters long.
fantástico,fantastic,¡Tu idea es fantástica!,Your idea is fantastic!
próximo,next,El próximo tren llega en cinco minutos.,The next train arrives in five minutes.
jugando,playing,Los niños están jugando en el parque.,The children are playing in the park.
ojo,eye,Me duele un ojo.,My eye hurts.
salga,leave (formal),Salga por la puerta de atrás.,Leave through the back door.
vea,see (formal),Vea este documento,por favor.,Please see this document.
llaman,they call,Ellos nos llaman cada día.,They call us every day.
entrada,entrance,La entrada al museo es gratuita los domingos.,The entrance to the museum is free on Sundays.
duda,doubt,No tengo ninguna duda sobre ello.,I have no doubt about it.
cerveza,beer,Me gustaría una cerveza fría.,I would like a cold beer.
unidos,united,Estamos unidos en este proyecto.,We are united in this project.
matado,killed,Los héroes han matado al monstruo.,The heroes have killed the monster.
princesa,princess,La princesa vive en el castillo.,The princess lives in the castle.
perdí,I lost,Ayer perdí mis llaves.,I lost my keys yesterday.
entender,to understand,No puedo entender lo que dices.,I cannot understand what you say.
santa,Saint,La iglesia está dedicada a Santa María.,The church is dedicated to Saint Mary.
quedar,to stay,Voy a quedar en casa hoy.,I'm going to stay at home today.
miles,thousands,Hay miles de estrellas en el cielo.,There are thousands of stars in the sky.
llamaré,I will call,Te llamaré esta noche.,I will call you tonight.
compañero,coworker,Mi compañero de trabajo es amable.,My coworker is kind.
pensado,thought,He pensado en tu propuesta.,I have thought about your proposal.
espalda,back,Me duele la espalda después de correr.,My back hurts after running.
dejé,I left,Ayer dejé mi bolso en casa.,Yesterday I left my bag at home.
bomba,bomb,Descubrieron una bomba en la estación.,They discovered a bomb at the station.
alex,Alex,Alex es mi mejor amigo.,Alex is my best friend.
cartas,letters,Escribí dos cartas ayer.,I wrote two letters yesterday.
apenas,barely,Apenas llegué,comenzó la lluvia.,I had barely arrived when the rain started.
leer,to read,Me gusta leer libros de misterio.,I like to read mystery books.
hermanos,brothers,Mis hermanos viven en España.,My brothers live in Spain.
darme,to give me,Por favor,intenta darme una oportunidad.,Please try to give me a chance.
papi,daddy,Papi,¿me ayudas con la tarea?,Daddy, will you help me with my homework?
mantener,to stay,Necesito mantener la calma.,I need to stay calm.
suyo,his,Este libro es suyo.,This book is his.
rico,tasty,Este pastel está muy rico.,This cake is very tasty.
verla,to see her,Quiero verla mañana.,I want to see her tomorrow.
lee,reads,Él lee el periódico cada mañana.,He reads the newspaper every morning.
bobby,Bobby,Bobby juega al fútbol los sábados.,Bobby plays soccer on Saturdays.
sigues,you keep,Sigues haciendo lo correcto.,You keep doing the right thing.
toca,it's your turn,Ahora te toca hablar.,Now it's your turn to speak.
olvídalo,forget it,Si no quieres venir,olvídalo.,If you don't want to come, forget it.
acción,action,La película de acción fue emocionante.,The action movie was exciting.
hayas,you have,Es posible que hayas ganado el premio.,It's possible that you have won the prize.
dioses,gods,Los dioses del Olimpo son legendarios.,The gods of Olympus are legendary.
mando,remote,No encuentro el mando de la tele.,I can't find the TV remote.
dejaré,I will leave,Mañana dejaré mi trabajo.,Tomorrow I will leave my job.
llegue,arrives,Es importante que él llegue pronto.,It's important that he arrives soon.
formas,shapes,Las nubes tienen formas extrañas.,The clouds have strange shapes.
uh,uh,Uh,no estoy seguro.,Uh, I'm not sure.
henry,Henry,Henry trabaja en un banco.,Henry works at a bank.
cierra,closes,Ella cierra la puerta con cuidado.,She closes the door carefully.
damas,ladies,Las damas entraron primero.,The ladies entered first.
puente,bridge,Cruzamos el puente al amanecer.,We crossed the bridge at dawn.
memoria,memory,Mi memoria es bastante buena.,My memory is quite good.
regresa,returns,Ella regresa mañana.,She returns tomorrow.
muévanse,move (plural),¡Muévanse de la vía!,Move off the track!
parecía,seemed,Todo parecía tranquilo.,Everything seemed calm.
vestido,dress,Compré un vestido nuevo.,I bought a new dress.
llaves,keys,Busco mis llaves por toda la casa.,I'm looking for my keys all over the house.
tv,TV,Voy a ver la TV esta noche.,I'm going to watch TV tonight.
camión,truck,El camión llegó tarde.,The truck arrived late.
acabar,to finish,Tengo que acabar mi tarea.,I have to finish my homework.
robot,robot,El robot limpia el piso solo.,The robot cleans the floor alone.
llevó,he took,Ella me llevó al aeropuerto.,She took me to the airport.
montón,a ton,Tengo un montón de trabajo.,I have a ton of work.
estuviste,you were,¿Dónde estuviste ayer?,Where were you yesterday?
máquina,machine,Esta máquina no funciona bien.,This machine doesn't work well.
puertas,doors,Las puertas estaban cerradas.,The doors were closed.
podamos,we can,Espero que podamos ir juntos.,I hope that we can go together.
muere,dies,El héroe muere en la última escena.,The hero dies in the final scene.
trago,sip,Dame un trago de agua.,Give me a sip of water.
mayoría,majority,La mayoría está de acuerdo.,The majority agrees.
reina,queen,La reina saluda al público.,The queen greets the crowd.
lleno,full,El vaso está lleno de agua.,The glass is full of water.
inglés,English,Quiero aprender inglés.,I want to learn English.
don,Mr.,Don Carlos es un buen hombre.,Mr. Carlos is a good man.
soldado,soldier,El soldado defendió la fortaleza.,The soldier defended the fortress.
estrella,star,Vimos una estrella fugaz.,We saw a shooting star.
escuche,listen,Escuche al profesor con atención.,Listen to the teacher carefully.
valor,courage,Necesitas valor para saltar.,You need courage to jump.
pido,I ask,Te pido disculpas.,I apologize to you.
delante,in front,El coche está delante de la casa.,The car is in front of the house.
código,code,El código es secreto.,The code is secret.
héroe,hero,Mi héroe es mi padre.,My hero is my father.
fe,faith,La fe mueve montañas.,Faith moves mountains.
capaz,capable,Eres capaz de lograrlo.,You are capable of achieving it.
verme,to see me,Espero que puedas verme hoy.,I hope you can see me today.
beber,to drink,Me gusta beber té por la mañana.,I like to drink tea in the morning.
velocidad,speed,La velocidad del coche es alta.,The car's speed is high.
darte,to give you,Necesito darte esta carta.,I need to give you this letter.
llevas,you wear,¿Qué llevas puesto?,What are you wearing?
partido,match,El partido empieza a las ocho.,The match starts at eight.
estuviera,If I were,Si estuviera cansado,me iría a casa.,If I were tired, I would go home.
tony,Tony,Tony tiene un coche nuevo.,Tony has a new car.
lex,Lex,Lex trabaja en tecnología.,Lex works in technology.
dia,day,Hoy es un buen dia.,Today is a good day.
opinión,opinion,Dame tu opinión sincera.,Give me your honest opinion.
irte,to leave,Puedes irte cuando quieras.,You can leave whenever you want.
cocina,kitchen,La cocina necesita limpieza.,The kitchen needs cleaning.
abrir,to open,Voy a abrir la ventana.,I'm going to open the window.
perros,dogs,Me encantan los perros.,I love dogs.
tambien,also,Yo también quiero ir.,I also want to go.
sepa,knows,Es importante que sepa la verdad.,It's important that he knows the truth.
pareces,you seem,Pareces cansado hoy.,You seem tired today.
escribir,to write,Voy a escribir un correo.,I'm going to write an email.
golpe,knock,Escuché un golpe en la ventana.,I heard a knock on the window.
tenia,I had,Cuando era niño,tenía un perro.,When I was a child, I had a dog.
alta,tall,La montaña es muy alta.,The mountain is very tall.
estados,states,Los estados de ánimo cambian con el tiempo.,States of mind change over time.
tocar,to touch; to play (music),¿Puedes tocar el piano?,Can you play the piano?
vuelvo,I return,En una hora vuelvo a casa.,I will be back home in an hour.
habían,they had (pretérito pluscuamperfecto),Ya habían salido cuando llegué.,They had already left when I arrived.
ganas,desire; feel like,Tengo ganas de comer pizza.,I feel like eating pizza.
hacerte,to make you; to do for you,Quiero hacerte un favor.,I want to do you a favor.
dejo,I leave,Hoy dejo mis llaves en la oficina.,Today I leave my keys at the office.
volvió,he/she/it returned,Después de la fiesta volvió a casa.,After the party he returned home.
ejemplo,example,Este es un buen ejemplo de humildad.,This is a good example of humility.
robert,Robert (name),Robert vive en la ciudad.,Robert lives in the city.
contar,to count; to tell,Voy a contar hasta diez.,I’m going to count to ten.
tenían,they had (imperfect),Ellos tenían un perro grande.,They had a big dog.
propósito,purpose,El propósito de la reunión es claro.,The purpose of the meeting is clear.
entiende,he/she/it understands,Mi hermana entiende francés.,My sister understands French.
empieza,it begins,El concierto empieza a las ocho.,The concert begins at eight.
anillo,ring,Le regalé un anillo de plata.,I gave him a silver ring.
londres,London,Planeo viajar a Londres este verano.,I plan to travel to London this summer.
tendría,I/he/she would have,Si ganara la lotería,tendría una casa grande.,If I won the lottery, I would have a big house.
pedir,to ask for; to order,Voy a pedir una hamburguesa.,I’m going to order a burger.
estilo,style,Me gusta tu estilo de vestir.,I like your dressing style.
ayudarme,to help me,¿Puedes ayudarme con la tarea?,Can you help me with the homework?
pista,clue; track,La policía encontró una pista importante.,The police found an important clue.
cambiado,changed,El horario ha cambiado esta semana.,The schedule has changed this week.
escapar,to escape,El prisionero logró escapar.,The prisoner managed to escape.
eeuu,USA,Mis primos viven en EEUU.,My cousins live in the USA.
encontró,he/she/it found,María encontró las llaves perdidas.,María found the lost keys.
espíritu,spirit,El espíritu del equipo es fuerte.,The team spirit is strong.
viejos,old (plural),Los viejos amigos se reunieron.,The old friends got together.
molesta,bothered; annoyed,Me molesta el ruido de la calle.,The street noise bothers me.
nota,note; grade,Escribí una nota para mi profesor.,I wrote a note for my teacher.
diferencia,difference,La diferencia es muy pequeña.,The difference is very small.
tratar,to try; to treat,Voy a tratar de ayudar.,I will try to help.
precio,price,¿Cuál es el precio de este libro?,What is the price of this book?
caballero,gentleman,Él es un caballero muy educado.,He is a very polite gentleman.
sirve,it serves; it’s useful,Este cuchillo sirve para cortar pan.,This knife is used to cut bread.
alegra,he/she/it rejoices; it pleases,Me alegra verte feliz.,It makes me happy to see you happy.
doble,double,Pedí un café doble.,I ordered a double coffee.
agradable,nice; pleasant,Fue una velada muy agradable.,It was a very pleasant evening.
embargo,however; embargo (blockade),Sin embargo,no pudo asistir.,However, he could not attend.
tengan,they have; you all have (subjunctive),Espero que tengan un buen día.,I hope you all have a good day.
tuvimos,we had,Ayer tuvimos una reunión importante.,Yesterday we had an important meeting.
sube,he/she/it goes up; rises,El sol sube por el este.,The sun rises in the east.
estén,they are; you all are (subjunctive),Espero que estén listos.,I hope you are all ready.
mami,mommy,Hola,mami, ¿cómo estás?,Hi, mommy, how are you?
emergencia,emergency,Llamé a emergencias por accidente.,I called emergency services because of an accident.
cuello,neck,Me duele el cuello esta mañana.,My neck hurts this morning.
boda,wedding,La boda será en junio.,The wedding will be in June.
aprender,to learn,Quiero aprender a nadar.,I want to learn to swim.
pete,Pete (name),Pete trabaja en una tienda.,Pete works in a store.
té,tea,Me gusta el té verde.,I like green tea.
informe,report,Entregué el informe al jefe.,I submitted the report to the boss.
blanca,white (feminine),La nieve es blanca.,Snow is white.
experiencia,experience,Tuve una gran experiencia de viaje.,I had a great travel experience.
debía,I/he/she had to (imperfect),Debía estudiar más para el examen.,I had to study more for the exam.
podido,been able to (past participle),No he podido dormir bien.,I haven’t been able to sleep well.
mentira,lie,Decir una mentira nunca es bueno.,Telling a lie is never good.
director,director,El director habló con el equipo.,The director talked to the team.
mata,he/she/it kills,Esa planta mata insectos.,That plant kills insects.
exacto,exact,Tu respuesta es exacta.,Your answer is exact.
eddie,Eddie (name),Eddie toca la guitarra muy bien.,Eddie plays guitar very well.
déjalo,leave it; let him go,Déjalo en paz,por favor.,Leave him alone, please.
defensa,defense,La defensa del equipo fue excelente.,The team’s defense was excellent.
tuviste,you had; you got (preterite),¿Tuviste tiempo ayer?,Did you have time yesterday?
confiar,to trust,Es difícil confiar en extraños.,It is hard to trust strangers.
color,color,Me gusta el color azul.,I like the color blue.
bond,bond; link,Hay un fuerte vínculo entre ellos.,There is a strong bond between them.
hacerle,to do to him/her,Voy a hacerle una pregunta.,I’m going to ask him a question.
aquel,that (over there),Recuerdo aquel día con cariño.,I remember that day fondly.
conocí,I met,Conocí a tu hermana ayer.,I met your sister yesterday.
probar,to try; to taste,Voy a probar este postre.,I’m going to try this dessert.
príncipe,prince,El príncipe vive en el castillo.,The prince lives in the castle.
irá,he/she/it will go,Ella irá al concierto mañana.,She will go to the concert tomorrow.
socio,partner,Mi socio y yo iniciamos un negocio.,My partner and I started a business.
ai,AI (artificial intelligence),La AI está mejorando rápidamente.,AI is improving rapidly.
despacio,slowly,Camina despacio por favor.,Walk slowly please.
tiro,shot; throw,El jugador falló el tiro final.,The player missed the final shot.
vacaciones,vacation,El próximo mes me voy de vacaciones.,Next month I’m going on vacation.
perdió,he/she/it lost,Ella perdió las llaves otra vez.,She lost her keys again.
fondo,bottom; background,El fondo de la piscina es profundo.,The bottom of the pool is deep.
chris,Chris (name),Chris estudia matemáticas.,Chris studies mathematics.
verde,green,El césped está muy verde.,The grass is very green.
parecen,they seem,Parecen cansados hoy.,They seem tired today.
mama,mom,Mi mama cocina muy bien.,My mom cooks very well.
bienvenida,welcome,Te doy la bienvenida a casa.,I welcome you home.
opción,option,Tienes varias opciones disponibles.,You have several options available.
operación,operation; surgery,La operación fue un éxito.,The surgery was a success.
jim,Jim (name),Jim trabaja en marketing.,Jim works in marketing.
hablado,spoken; talked,Ya he hablado con él.,I have already spoken with him.
traer,to bring,¿Puedes traerme un vaso de agua?,Can you bring me a glass of water?
principal,main; principal,El tema principal es la educación.,The main topic is education.
demonio,demon,En la leyenda aparece un demonio.,A demon appears in the legend.
zapatos,shoes,Compré unos zapatos nuevos.,I bought some new shoes.
leo,Leo (name); I read,Yo leo un libro cada mes.,I read a book every month.
anna,Anna (name),Anna vive en Berlín.,Anna lives in Berlin.
respecto,regarding; respect,Hablamos respecto al horario.,We talked regarding the schedule.
nuevos,new (plural),Compré libros nuevos ayer.,I bought new books yesterday.
especie,species,Esta especie está en peligro.,This species is endangered.
pidió,he/she/it asked for; ordered,Ella pidió una ensalada.,She ordered a salad.
éxito,success,¡Te deseo mucho éxito!,I wish you much success!
cabrón,bastard,Ese cabrón me robó el dinero.,That bastard stole my money.
mírame,look at me,Mírame cuando te hablo.,Look at me when I talk to you.
piernas,legs,Me duelen las piernas después de correr.,My legs hurt after running.
unidad,unit,Compramos una unidad nueva para la calefacción.,We bought a new unit for the heating.
hielo,ice,Por favor,pon hielo en mi bebida.,Please put ice in my drink.
llegamos,we arrived,Ya llegamos al aeropuerto.,We have already arrived at the airport.
déjeme,let me,Déjeme ayudarle con eso.,Let me help you with that.
ios,iOS,Actualicé mi teléfono a la última versión de iOS.,I updated my phone to the latest version of iOS.
debí,I should have,Debí estudiar más para el examen.,I should have studied more for the exam.
vendrá,he/she/it will come,Vendrá a la fiesta mañana.,He will come to the party tomorrow.
matrimonio,marriage,El matrimonio requiere compromiso.,Marriage requires commitment.
habías,you had,Tú habías terminado el trabajo antes.,You had finished the work before.
podrá,he/she/it will be able to,Ella podrá resolver el problema pronto.,She will be able to solve the problem soon.
piel,skin,Su piel es muy suave.,Her skin is very soft.
preocupa,it worries,Me preocupa tu salud.,Your health worries me.
quedarme,to stay,Quiero quedarme en casa esta noche.,I want to stay home tonight.
mio,my/mine,Ese libro es mío.,That book is mine.
tuviera,had (subj.),Si tuviera más dinero,viajaría.,If I had more money, I would travel.
tiempos,times,En aquellos tiempos todo era distinto.,In those times everything was different.
richard,Richard,Richard es mi mejor amigo.,Richard is my best friend.
quienes,those who,Quienes trabajan duro tienen éxito.,Those who work hard succeed.
oiga,listen (formal),Oiga,señor, ¿puede ayudarme?,Listen, sir, can you help me?
últimos,last,Estos son mis últimos libros.,These are my last books.
oigan,listen (plural),Oigan,chicos, atención por favor.,Listen up, kids, please.
fuimos,we went,Fuimos al cine ayer.,We went to the cinema yesterday.
arte,art,El arte moderno es interesante.,Modern art is interesting.
necesitaba,I needed,Necesitaba tu ayuda ayer.,I needed your help yesterday.
quiénes,who (plural),¿Quiénes vienen a la cena?,Who is coming to dinner?
común,common,Tenemos un interés común.,We have a common interest.
intentando,trying,Estoy intentando aprender francés.,I am trying to learn French.
llevaré,I will take/wear,Llevaré un abrigo si hace frío.,I will wear a coat if it's cold.
levántate,get up,Levántate temprano mañana.,Get up early tomorrow.
correr,to run,Quiero aprender a correr rápido.,I want to learn to run fast.
brillante,brilliant,Tu idea es muy brillante.,Your idea is very brilliant.
calor,heat,Hace mucho calor hoy.,It's very hot today.
planes,plans,Mis planes cambiaron de repente.,My plans changed suddenly.
dra,Dr.,La Dra. López llegará pronto.,Dr. López will arrive soon.
visita,visit,Tu visita fue muy agradable.,Your visit was very pleasant.
presión,pressure,Siento mucha presión en el trabajo.,I feel a lot of pressure at work.
pared,wall,Pintamos la pared de azul.,We painted the wall blue.
esperanza,hope,Tengo esperanza de que todo mejore.,I have hope that everything will improve.
completo,complete,El informe está completo.,The report is complete.
subir,to go up/raise,Voy a subir la montaña mañana.,I am going to climb the mountain tomorrow.
cansado,tired,Estoy muy cansado hoy.,I am very tired today.
llame,call,Llame cuando necesite ayuda.,Call when you need help.
recordar,to remember,Trato de recordar su nombre.,I try to remember his name.
trampa,trap,Cayó en una trampa.,He fell into a trap.
monstruo,monster,Ese cuento habla de un monstruo.,That story is about a monster.
bajar,to go down,Voy a bajar las escaleras.,I'm going to go down the stairs.
pierna,leg,Me torcí la pierna jugando fútbol.,I twisted my leg playing soccer.
señores,sirs/gentlemen,Buenos días,señores.,Good morning, gentlemen.
tomó,he/she took,Ella tomó el autobús esta mañana.,She took the bus this morning.
pasará,it will happen,No sé qué pasará mañana.,I don't know what will happen tomorrow.
mataste,you killed,¿Por qué me mataste en el juego?,Why did you kill me in the game?
grandioso,great,Fue un logro grandioso.,It was a great achievement.
socio,partner,Mi socio de negocios es muy confiable.,My business partner is very reliable.
herido,wounded/injured,El soldado está herido.,The soldier is wounded.
cayó,he/she fell,Él se cayó de la bicicleta.,He fell off the bicycle.
fuerzas,forces/strength,Usó todas sus fuerzas.,He used all his strength.
nick,Nick,Nick vive cerca de aquí.,Nick lives near here.
cine,movie theater,Vamos al cine esta noche.,We are going to the movie theater tonight.
escena,scene,Esa escena fue muy emotiva.,That scene was very moving.
tía,aunt,Mi tía viene de visita.,My aunt is coming to visit.
danny,Danny,Danny ganó el concurso.,Danny won the contest.
dando,giving,Está dando un discurso ahora.,He is giving a speech now.
puntos,points,Necesito más puntos para ganar.,I need more points to win.
teníamos,we had,Teníamos muchas tareas ayer.,We had a lot of homework yesterday.
dejaste,you left,Dejaste tu libro en mi casa.,You left your book at my house.
muévete,move (imperative),¡Muévete ahora o llegarás tarde!,Move now or you'll be late!
larga,long,Es una historia larga.,It's a long story.
solía,used to,Yo solía vivir allí.,I used to live there.
tema,topic,Este es un tema difícil.,This is a difficult topic.
preparado,ready/prepared,Estoy preparado para el examen.,I am prepared for the exam.
depende,it depends,Todo depende del clima.,Everything depends on the weather.
policías,police officers,Los policías llegaron rápido.,The police officers arrived quickly.
solos,alone,Ellos están solos en la casa.,They are alone in the house.
matarme,kill me,No trates de matarme.,Don't try to kill me.
mark,Mark,Mark es un gran jugador.,Mark is a great player.
pon,put (imperative),Pon la mesa,por favor.,Set the table, please.
hubiese,would have (subj.),Si hubiese visto la señal,habría parado.,If I had seen the sign, I would have stopped.
bebe,drinks,Ella bebe agua todos los días.,She drinks water every day.
tanta,so much,No tengo tanta paciencia.,I don't have so much patience.
oeste,west,Viajamos hacia el oeste.,We traveled westward.
parís,Paris,París es una ciudad hermosa.,Paris is a beautiful city.
viento,wind,El viento sopla fuerte hoy.,The wind is blowing hard today.
jóvenes,young people,Los jóvenes disfrutan de la música.,Young people enjoy the music.
hacerme,to make me,Eso puede hacerme feliz.,That can make me happy.
asiento,seat,El asiento está ocupado.,The seat is taken.
carter,Carter,Carter escribió un libro famoso.,Carter wrote a famous book.
washington,Washington,Washington es la capital de EE. UU.,Washington is the capital of the U.S.
estupendo,amazing,El concierto fue estupendo.,The concert was amazing.
caminar,to walk,Me gusta caminar por el parque.,I like to walk through the park.
juicio,trial/judgment,El juicio comenzó hoy.,The trial began today.
creerlo,to believe it,No puedo creerlo.,I can't believe it.
carga,burden/load,Lleva esa carga con cuidado.,Carry that load carefully.
tranquila,calm,Está muy tranquila esta noche.,She is very calm tonight.
banda,band,La banda toca rock.,The band plays rock.
estarán,they will be,Ellos estarán aquí mañana.,They will be here tomorrow.
animal,animal,El león es un animal salvaje.,The lion is a wild animal.
escuchen,listen (plural),Escuchen bien las instrucciones.,Listen to the instructions carefully.
bush,bush,Veo un pequeño bush en el jardín.,I see a small bush in the garden.
encontraron,they found,Encontraron las llaves debajo de la cama.,They found the keys under the bed.
dejas,you leave,¿Por qué me dejas solo aquí?,Why do you leave me alone here?
tarjeta,card,Necesito una tarjeta de crédito.,I need a credit card.
ibas,you were going,Ibas al supermercado ayer.,You were going to the supermarket yesterday.
podrás,you will be able,Podrás terminar el informe mañana.,You will be able to finish the report tomorrow.
nueve,nine,Son las nueve de la noche.,It's nine o'clock at night.
seguramente,surely,Seguramente llegará tarde.,He will surely arrive late.
volverá,will return,Ella volverá la próxima semana.,She will return next week.
majestad,majesty,Su majestad está aquí.,His Majesty is here.
llena,full (fem.),La botella está llena de agua.,The bottle is full of water.
caer,to fall,Puede caer nieve esta noche.,It may snow tonight.
aeropuerto,airport,Nos vemos en el aeropuerto mañana.,See you at the airport tomorrow.
vayamos,let's go (we),Vayamos al cine esta noche.,Let's go to the movies tonight.
tommy,Tommy,Tommy es mi vecino.,Tommy is my neighbor.
acabado,finished,El trabajo está acabado.,The work is finished.
sigo,I continue,Sigo esperando tu llamada.,I am still waiting for your call.
enorme,huge,La casa es enorme.,The house is huge.
área,area,Esta área es segura.,This area is safe.
muevas,you move,No te muevas de ahí.,Don't move from there.
lana,wool,La lana es suave.,The wool is soft.
salido,gone out,He salido temprano hoy.,I have gone out early today.
pedazo,piece,Dame un pedazo de pastel.,Give me a piece of cake.
malas,bad (fem. pl.),Ella tiene malas notas.,She has bad grades.
joder,to fuck / damn,¡No me jodas!,Don't fuck with me!
humana,human,La raza humana es diversa.,The human race is diverse.
absolutamente,absolutely,Estoy absolutamente seguro.,I am absolutely sure.
evitar,to avoid,Debo evitar el tráfico.,I must avoid traffic.
corriendo,running,Lo vi corriendo rápido.,I saw him running fast.
bala,bullet,La bala alcanzó el objetivo.,The bullet hit the target.
vosotros,you all (Sp.),¿Vosotros vais al cine?,Are you all going to the movies?
despues,after / later,Hablamos después de la reunión.,We will talk after the meeting.
debido,due to,La cancelación fue debido al clima.,The cancellation was due to the weather.
confianza,trust,Tengo confianza en ti.,I have trust in you.
especialmente,especially,Me gusta la fruta,especialmente las manzanas.,I like fruit, especially apples.
intenta,he/she tries,Ella intenta aprender rápido.,She tries to learn quickly.
pequeños,small (masc. pl.),Los cachorros son pequeños.,The puppies are small.
paga,he/she pays,Ella paga la cuenta.,She pays the bill.
ganado,cattle / earned,El granjero cuida el ganado.,The farmer takes care of the cattle.
ama,he/she loves,Él ama la música.,He loves music.
limpio,clean,La habitación está limpia.,The room is clean.
comenzar,to begin,Quiero comenzar el proyecto.,I want to begin the project.
ángeles,angels,Los ángeles cantan.,The angels sing.
robots,robots,Los robots trabajan rápido.,The robots work quickly.
lleve,(subj.) brings,Espero que él lleve la maleta.,I hope he brings the suitcase.
ruido,noise,Hay mucho ruido aquí.,There is a lot of noise here.
preocupe,(subj.) worries,No quiero que te preocupe esto.,I don't want you to worry about this.
jason,Jason,Jason es mi amigo.,Jason is my friend.
belleza,beauty,La belleza es subjetiva.,Beauty is subjective.
salgan,(subj.) they leave,Quiero que salgan ahora.,I want them to leave now.
come,he/she eats,Él come una manzana.,He eats an apple.
verá,he/she will see,Verás la diferencia.,You will see the difference.
deberían,they should,Deberían estudiar más.,They should study more.
líder,leader,Ella es la líder del equipo.,She is the team leader.
preguntar,to ask,Puedes preguntar cualquier cosa.,You can ask anything.
inocente,innocent,El niño parece inocente.,The child seems innocent.
andy,Andy,Andy vive cerca.,Andy lives nearby.
lástima,pity / shame,Qué lástima que no viniste.,What a pity that you didn't come.
red,network / net,La red es rápida.,The network is fast.
enfermedad,illness,La enfermedad fue grave.,The illness was serious.
desgraciado,wretched / unlucky,Ese hombre es un desgraciado.,That man is a wretch.
harán,they will do,Ellos harán su trabajo.,They will do their work.
dientes,teeth,Me duelen los dientes.,My teeth hurt.
maté,I killed,Ayer maté un mosquito.,Yesterday I killed a mosquito.
central,central,La estación central está cerca.,The central station is nearby.
ponte,put on (imper.),Ponte la chaqueta.,Put on the jacket.
felices,happy (pl.),Somos muy felices aquí.,We are very happy here.
supe,I found out,Supe la verdad ayer.,I found out the truth yesterday.
haberte,having you,Lamento haberte perdido.,I regret having lost you.
marcha,march / outing,La marcha empezó temprano.,The march started early.
poderes,powers,Los superhéroes tienen poderes.,Superheroes have powers.
hubieras,you had (subj.),Ojalá hubieras venido.,I wish you had come.
justicia,justice,Luchan por la justicia.,They fight for justice.
bella,beautiful (fem.),La flor es bella.,The flower is beautiful.
dé,(subj.) give,Espero que él dé su opinión.,I hope he gives his opinion.
proteger,to protect,Debo proteger mi casa.,I must protect my house.
cabello,hair,Su cabello es largo.,Her hair is long.
pedido,order / request,He recibido tu pedido.,I have received your order.
oscuro,dark,La noche está oscura.,The night is dark.
sarah,Sarah,Sarah trabaja aquí.,Sarah works here.
embarazada,pregnant,Está embarazada del bebé.,She is pregnant with the baby.
costa,coast,La costa es hermosa.,The coast is beautiful.
dama,lady,La dama sonríe.,The lady smiles.
alguno,some (masc.),¿Tienes alguno?,Do you have any?
orgulloso,proud,Estoy orgulloso de ti.,I am proud of you.
vos,you (dialect),Vos sos mi amigo.,You are my friend.
tomado,taken / drunk,He tomado agua.,I have drunk water.
digamos,let's say,Digamos la verdad.,Let's say the truth.
debió,he should have,Debió llegar temprano.,He should have arrived early.
gana,desire,Me da gana de bailar.,I feel like dancing.
cura,priest / cure,El cura oficia misa.,The priest holds mass.
lengua,tongue / language,Habla mi lengua materna.,He speaks my mother tongue.
araña,spider,Vi una araña pequeña.,I saw a small spider.
podré,I will be able,Podré ayudarte mañana.,I will be able to help you tomorrow.
voluntad,will / willpower,Ella tiene mucha voluntad.,She has a lot of willpower.
total,total,El costo total es alto.,The total cost is high.
dedo,finger,Me corté el dedo.,I cut my finger.
pago,payment,Realicé el pago ayer.,I made the payment yesterday.
agradezco,I appreciate,Te agradezco tu ayuda.,I appreciate your help.
partir,to leave,Voy a partir ahora.,I am going to leave now.
lucha,fight,La lucha continúa.,The fight continues.
leche,milk,Quiero un vaso de leche.,I want a glass of milk.
luke,Luke,Luke es piloto.,Luke is a pilot.
diste,you gave,Tú diste un regalo.,You gave a gift.
copa,glass,Brindemos con una copa.,Let's toast with a glass.
quedarte,to stay,Es mejor quedarte aquí.,It is better for you to stay here.
seguros,safe,Estamos seguros.,We are safe.
destruir,to destroy,No quiero destruir nada.,I don't want to destroy anything.
bienvenidos,welcome (pl.),Bienvenidos a todos.,Welcome everyone.
llevan,they carry / wear,Ellos llevan uniformes.,They wear uniforms.
jerry,Jerry,Jerry vive lejos.,Jerry lives far away.
ponga,(subj./imper.) put,Ponga la mesa.,Set the table.
lados,sides,El cuadrado tiene cuatro lados.,The square has four sides.
acceso,access,No tengo acceso al sistema.,I do not have access to the system.
parker,Parker,Parker es mi vecino.,Parker is my neighbor.
intentar,to try,Voy a intentar de nuevo.,I am going to try again.
trajo,he/she brought,Ella trajo flores.,She brought flowers.
desastre,disaster,La fiesta fue un desastre.,The party was a disaster.
deber,must / duty,Debo terminar el trabajo.,I must finish the work.
herida,wound,Tiene una herida en la pierna.,He has a wound on his leg.
débil,weak,El vaso es débil.,The glass is weak.
naturaleza,nature,Amo la naturaleza.,I love nature.
luchar,to fight,Debemos luchar juntos.,We must fight together.
extraña,strange,Es una sensación extraña.,It's a strange feeling.
encontraste,you found,¿Encontraste mis llaves?,Did you find my keys?
vieron,they saw,Ellos vieron la película.,They saw the movie.
llámame,call me,Si necesitas ayuda,llámame.,If you need help, call me.
imagen,image,Esa es una bonita imagen.,That is a beautiful image.
pan,bread,Compré pan fresco.,I bought fresh bread.
refieres,you refer,¿A qué te refieres?,What are you referring to?
clientes,clients,Los clientes esperan afuera.,The clients are waiting outside.
varios,several,He visto varios pájaros aquí.,I have seen several birds here.
show,show,Vamos al show esta noche.,Let's go to the show tonight.
auxilio,help,¡Auxilio,por favor!,Help, please!
oyes,you hear,¿Oyes ese sonido?,Do you hear that sound?
sigen,they follow,Ellos siguen corriendo.,They keep running.
sentado,sitting,Él está sentado.,He is sitting.
saliendo,leaving,Estoy saliendo ahora.,I am leaving now.
responsable,responsible,Ella es muy responsable.,She is very responsible.
olvidado,forgotten,He olvidado tu nombre.,I have forgotten your name.
quedó,remained,Solo quedó un trozo.,Only one piece remained.
permite,allows,La ley no lo permite.,The law does not allow it.
aquella,that (feminine),Aquella casa es vieja.,That house is old.
puse,I put,Puse el libro en la mesa.,I put the book on the table.
sonido,sound,Escucho un sonido extraño.,I hear a strange sound.
quiso,he/she wanted,Ella quiso ayudar.,She wanted to help.
escrito,written,He escrito una carta.,I have written a letter.
carro,car,Compré un carro nuevo.,I bought a new car.
preciosa,beautiful,Tienes una sonrisa preciosa.,You have a beautiful smile.
muestra,sample,Dame una muestra,por favor.,Give me a sample, please.
bastardo,bastard,Ese bastardo me engañó.,That bastard cheated me.
restaurante,restaurant,Comimos en un restaurante italiano.,We ate at an Italian restaurant.
huevos,eggs,Los huevos están en la nevera.,The eggs are in the fridge.
fantasma,ghost,Vi un fantasma anoche.,I saw a ghost last night.
mismos,same (plural),Tenemos los mismos gustos.,We have the same tastes.
profesional,professional,Ella es una profesional excelente.,She is an excellent professional.
amas,you love,Tú amas el chocolate.,You love chocolate.
entero,whole,Comí el pastel entero.,I ate the whole cake.
películas,movies,Me gustan las películas de acción.,I like action movies.
cerrado,closed,La tienda está cerrada.,The store is closed.
dedos,fingers,Me corté los dedos.,I cut my fingers.
sigan,follow (pl.),Sigan las instrucciones.,Follow the instructions.
dueño,owner,El dueño llegó tarde.,The owner arrived late.
cuchillo,knife,Necesito un cuchillo afilado.,I need a sharp knife.
turno,turn,Es tu turno ahora.,It's your turn now.
tormenta,storm,La tormenta empezó ayer.,The storm started yesterday.
caray,wow,¡Caray,qué sorpresa!,Wow, what a surprise!
abierto,open,El libro está abierto.,The book is open.
quede,let it stay,Que quede entre nosotros.,Let it stay between us.
verdadera,true (feminine),Conocí la verdadera razón.,I learned the true reason.
mato,I kill,Yo mato un monstruo en el juego.,I kill a monster in the game.
doc,doc,Escucha al doc.,Listen to the doc.
playa,beach,Vamos a la playa.,Let's go to the beach.
km,km (kilometre),Faltan 5 km para llegar.,There's 5 km left to arrive.
victoria,victory,Celebramos la victoria del equipo.,We celebrated the team's victory.
primo,cousin,Mi primo vive en México.,My cousin lives in Mexico.
oíste,you heard,¿Oíste la noticia?,Did you hear the news?
lisa,smooth,La superficie es lisa.,The surface is smooth.
interior,interior,El interior del coche es cómodo.,The car's interior is comfortable.
hechos,facts,Los hechos hablan por sí mismos.,The facts speak for themselves.
piedra,stone,La casa está hecha de piedra.,The house is made of stone.
jodido,fucked up,Esto es jodido.,This is fucked up.
militar,military,El uniforme militar es caro.,The military uniform is expensive.
computadora,computer,Mi computadora está lenta.,My computer is slow.
encantaría,I would love,Me encantaría viajar contigo.,I would love to travel with you.
siga,continue (formal),Siga adelante sin miedo.,Continue ahead without fear.
silla,chair,La silla es cómoda.,The chair is comfortable.
movimiento,movement,El movimiento es lento.,The movement is slow.
momentos,moments,Disfruta los buenos momentos.,Enjoy the good moments.
familiar,familiar,Esa cara me parece familiar.,That face seems familiar to me.
apartamento,apartment,Vivo en un apartamento pequeño.,I live in a small apartment.
disparar,to shoot,No debes disparar sin permiso.,You should not shoot without permission.
tesoro,treasure,Buscamos un tesoro escondido.,We are looking for a hidden treasure.
perfecta,perfect,Esta situación es perfecta.,This situation is perfect.
refiero,I refer,Me refiero a tu comentario anterior.,I am referring to your previous comment.
motivo,reason,El motivo de mi visita es importante.,The reason for my visit is important.
dará,will give,Ella dará un discurso mañana.,She will give a speech tomorrow.
nuevas,new (fem. pl.),Compré nuevas camisetas.,I bought new t-shirts.
mr,Mr.,Mr. Smith llegó temprano.,Mr. Smith arrived early.
querer,to want,Quiero una taza de té.,I want a cup of tea.
matarlo,to kill him,No puedo matarlo.,I can't kill him.
valiente,brave,Eres muy valiente.,You are very brave.
víctima,victim,La víctima necesita ayuda.,The victim needs help.
tendrán,they will have,Ellos tendrán tiempo mañana.,They will have time tomorrow.
estúpida,stupid,Esa idea es estúpida.,That idea is stupid.
envió,he/she sent,Ella envió la carta ayer.,She sent the letter yesterday.
steve,Steve,Steve trabaja conmigo.,Steve works with me.
encantado,delighted,Estoy encantado de verte.,I am delighted to see you.
diario,diary,Escribo en mi diario cada noche.,I write in my diary every night.
abran,open (pl. imper.),Abran la puerta,por favor.,Open the door, please.
sentí,I felt,Sentí un escalofrío.,I felt a chill.
autobús,bus,Tomé el autobús esta mañana.,I took the bus this morning.
traído,brought,He traído tu libro.,I have brought your book.
casas,houses,Hay muchas casas antiguas aquí.,There are many old houses here.
apúrate,hurry up,Apúrate o llegaremos tarde.,Hurry up or we'll be late.
encuentras,you find,Aquí encuentras paz y tranquilidad.,Here you find peace and tranquility.
descanso,rest,Necesito un descanso.,I need a break.
sheriff,sheriff,El sheriff llegó al pueblo.,The sheriff arrived in town.
mulder,Mulder,Mulder investiga el caso.,Mulder investigates the case.
mueve,moves,Él mueve la silla.,He moves the chair.
inglaterra,England,Visité Inglaterra el año pasado.,I visited England last year.
quieto,still,Quédate quieto mientras hablo.,Stay still while I talk.
carl,Carl,Carl es mi mejor amigo.,Carl is my best friend.
matarte,to kill you,No quiero matarte.,I don't want to kill you.
calles,streets,Las calles están limpias.,The streets are clean.
tamaño,size,Necesito saber el tamaño correcto.,I need to know the correct size.
colegio,school,Voy al colegio todos los días.,I go to school every day.
usando,using,Estoy usando el ordenador.,I am using the computer.
cabo,cape,Visitamos el cabo de la península.,We visited the cape of the peninsula.
video,video,Vi un video divertido.,I watched a funny video.
toques,knocks,Di tres toques a la puerta.,I gave three knocks on the door.
pelota,ball,La pelota es roja.,The ball is red.
yendo,going,Estoy yendo al trabajo.,I am going to work.
directo,live,El programa es en directo.,The show is live.
termine,I finished,Terminé mi tarea.,I finished my homework.
vivos,alive,Los peces están vivos.,The fish are alive.
sombrero,hat,Él lleva un sombrero nuevo.,He is wearing a new hat.
tomé,I drank,Ayer tomé café.,Yesterday I drank coffee.
estudio,studio,Tengo un estudio en casa.,I have a studio at home.
grave,serious,Es un problema grave.,It's a serious problem.
protección,protection,Necesitamos protección solar.,We need sun protection.
secretos,secrets,Ellos guardan muchos secretos.,They keep many secrets.
perdiendo,losing,Estoy perdiendo el juego.,I am losing the game.
pecho,chest,Me duele el pecho.,My chest hurts.
sepas,you know,No quiero que lo sepas.,I don't want you to know it.
enferma,sick (fem),María está enferma.,Maria is sick.
cuesta,costs,Este libro me cuesta diez euros.,This book costs me ten euros.
negros,black (pl),Los coches negros son elegantes.,Black cars are elegant.
estrellas,stars,Las estrellas brillan esta noche.,The stars shine tonight.
lago,lake,Nadamos en el lago grande.,We swam in the large lake.
clases,classes,Las clases empiezan mañana.,Classes start tomorrow.
obviamente,obviously,Obviamente tienes razón.,Obviously you are right.
inmediato,immediate,Necesito una respuesta inmediata.,I need an immediate answer.
modos,ways,Hay varios modos de hacerlo.,There are various ways to do it.
irás,you will go,Mañana irás al médico.,Tomorrow you will go to the doctor.
robo,robbery,El robo ocurrió anoche.,The robbery happened last night.
mataré,I will kill,Si me provocas,te mataré.,If you provoke me, I will kill you.
seria,serious (fem),Ella es una persona seria.,She is a serious person.
laura,Laura,Laura trabaja en la oficina.,Laura works in the office.
apoyo,support,Te doy mi apoyo siempre.,I give you my support always.
cerrar,to close,Por favor,cerrar la puerta.,Please close the door.
imagino,I imagine,Me imagino un futuro mejor.,I imagine a better future.
amenaza,threat,La amenaza es real.,The threat is real.
toque,knock,Escuché un toque en la puerta.,I heard a knock at the door.
larry,Larry,Larry vive en Nueva York.,Larry lives in New York.
saca,takes out,Saca la basura,por favor.,Take out the trash, please.
viernes,Friday,El viernes es mi día favorito.,Friday is my favorite day.
hayan,they have (subj),Espero que hayan llegado bien.,I hope they have arrived safely.
roto,broken,El vaso está roto.,The glass is broken.
lucy,Lucy,Lucy tiene un gato.,Lucy has a cat.
piloto,pilot,El piloto aterrizó el avión.,The pilot landed the plane.
marca,brand,Esta marca es famosa.,This brand is famous.
combate,combat,El combate fue intenso.,The combat was intense.
hablé,I spoke,Ayer hablé con mi hermano.,Yesterday I spoke with my brother.
manejar,to drive,Él sabe manejar muy bien.,He knows how to drive very well.
sección,section,Lee la sección dos.,Read section two.
profundo,deep,El mar es muy profundo aquí.,The sea is very deep here.
tantos,so many,He visto tantos pájaros.,I have seen so many birds.
conocía,I knew,No lo conocía antes.,I didn't know him before.
serie,series,Mi serie favorita empieza hoy.,My favorite series starts today.
ed,Ed,Ed compró un coche nuevo.,Ed bought a new car.
contrato,contract,Firmamos el contrato ayer.,We signed the contract yesterday.
americano,American,El café americano es suave.,American coffee is smooth.
paseo,walk,Dimos un paseo por el parque.,We took a walk through the park.
aviones,planes,Los aviones vuelan alto.,The planes fly high.
balas,bullets,Escuché el sonido de balas.,I heard the sound of bullets.
repente,suddenly,De repente empezó a llover.,Suddenly it started to rain.
cambia,changes,Ella cambia de opinión a menudo.,She changes her mind often.
tropas,troops,Las tropas llegaron al amanecer.,The troops arrived at dawn.
llevará,will take,Ella llevará el paquete mañana.,She will take the package tomorrow.
uso,use,El uso de la app es sencillo.,The use of the app is simple.
pudiste,you could,No pudiste venir ayer.,You couldn't come yesterday.
detener,to stop,Debemos detener el auto aquí.,We should stop the car here.
susan,Susan,Susan está de vacaciones.,Susan is on vacation.
sabia,wise (fem),Ella es muy sabia.,She is very wise.
llegué,I arrived,Llegué temprano esta mañana.,I arrived early this morning.
negra,black (fem),La noche es muy negra.,The night is very black.
decidido,decided,Estoy decidido a ganar.,I am determined to win.
comienza,begins,La película comienza a las ocho.,The movie begins at eight.
distancia,distance,La distancia es larga.,The distance is long.
éramos,we were,Éramos amigos de niños.,We were friends as children.
murieron,they died,Ellos murieron en la guerra.,They died in the war.
averiguar,to find out,Quiero averiguar la verdad.,I want to find out the truth.
actuar,to act,Debes actuar con cuidado.,You must act carefully.
quedo,I stay,Me quedo en casa hoy.,I stay at home today.
pulso,pulse,El médico mide mi pulso.,The doctor measures my pulse.
aguanta,endures,Aguanta un poco más.,Endure a little more.
oficiales,officers,Los oficiales llegaron tarde.,The officers arrived late.
llamaba,was calling,Cada día te llamaba.,Every day I used to call you.
enemigos,enemies,Ellos son mis enemigos.,They are my enemies.
saldrá,will leave,El tren saldrá a las diez.,The train will leave at ten.
preocupado,worried,Estoy preocupado por ti.,I am worried about you.
elección,choice,La elección es difícil.,The choice is difficult.
sobrevivir,to survive,Queremos sobrevivir al viaje.,We want to survive the trip.
bordo,on board,Estoy a bordo del barco.,I am on board the ship.
sujeto,guy,Ese sujeto es extraño.,That guy is strange.
pacientes,patients,Los pacientes esperan en la sala.,The patients wait in the room.
disculpen,excuse me (pl),Disculpen la interrupción.,Excuse the interruption.
época,era,Vivimos en una época de cambios.,We live in an era of changes.
entró,entered,Él entró en la habitación,He entered the room
pesar,to weigh,Es difícil pesar esta fruta,It is difficult to weigh this fruit
habló,spoke,Él habló con el profesor,He spoke with the teacher
walter,Walter,Walter es mi amigo,Walter is my friend
vender,to sell,Quiero vender mi coche,I want to sell my car
piensan,they think,Ellos piensan en la solución,They think about the solution
ex,ex,Su ex vive lejos,His ex lives far away
gratis,free,El museo es gratis hoy,The museum is free today
desapareció,disappeared,El gato desapareció ayer,The cat disappeared yesterday
empleo,job,Busco un empleo nuevo,I am looking for a new job
llamé,I called,Yo llamé a mi madre,I called my mother
conocen,they know,Ellos conocen la ciudad,They know the city
cerdo,pig,El cerdo come maíz,The pig eats corn
puedan,they can,Espero que puedan venir,I hope they can come
comprendo,I understand,Comprendo tu punto,I understand your point
tomo,I take,Tomo café cada mañana,I have coffee every morning
termina,ends,La película termina a las nueve,The movie ends at nine
aléjate,stay away,Aléjate de la calle,Stay away from the street
busco,I look for,Busco mis llaves,I am looking for my keys
contento,happy,Estoy contento hoy,I am happy today
date,hurry up,Date prisa,Hurry up
tumba,tomb,La tumba es antigua,The tomb is ancient
matt,Matt,Matt estudia español,Matt studies Spanish
huellas,footprints,Las huellas llevan al bosque,The footprints lead to the forest
cuerpos,bodies,Los cuerpos estaban en la morgue,The bodies were in the morgue
absoluto,absolute,Este poder es absoluto,This power is absolute
pide,asks for,Él pide ayuda,He asks for help
kent,Kent,Kent trabaja en una oficina,Kent works in an office
dura,lasts,La película dura dos horas,The movie lasts two hours
descansar,to rest,Necesito descansar mañana,I need to rest tomorrow
respuestas,answers,No tengo respuestas,I do not have answers
propiedad,property,Esta es mi propiedad,This is my property
llamando,calling,Estoy llamando a mi amigo,I am calling my friend
dormido,asleep,El bebé está dormido,The baby is asleep
castillo,castle,El castillo es grande,The castle is big
china,China,China es un país grande,China is a large country
datos,data,Necesito más datos,I need more data
torre,tower,La torre está alta,The tower is tall
robar,to steal,Quieren robar el banco,They want to rob the bank
americanos,Americans,Los americanos viajan mucho,Americans travel a lot
malos,bad,Ellos son malos,They are bad
botella,bottle,La botella está vacía,The bottle is empty
aquellos,those,Aquellos son mis zapatos,Those are my shoes
últimamente,lately,Últimamente hace frío,It has been cold lately
testigo,witness,El testigo habló ayer,The witness spoke yesterday
s,letter s,La letra s es suave,The letter s is soft
presento,I introduce,Te presento a María,I introduce you to María
periódico,newspaper,Leo el periódico cada día,I read the newspaper every day
kate,Kate,Kate trabaja aquí,Kate works here
juez,judge,El juez tomó la decisión,The judge made the decision
historias,stories,Leemos historias antes de dormir,We read stories before sleeping
gustaba,liked,Me gustaba el helado,I liked ice cream
créeme,believe me,Créeme es verdad,Believe me it is true
necesitar,to need,Voy a necesitar ayuda,I am going to need help
esquina,corner,La tienda está en la esquina,The store is at the corner
millas,miles,Queda a cinco millas,It is five miles away
llamadas,calls,Recibí muchas llamadas,I received many calls
fuente,fountain,La fuente es bonita,The fountain is beautiful
conocemos,we know,Nos conocemos desde niños,We have known each other since childhood
techo,roof,El techo está dañado,The roof is damaged
genio,genius,Él es un genio,He is a genius
alerta,alert,Mantente alerta,Stay alert
ideas,ideas,Tengo buenas ideas,I have good ideas
tomas,you take,Tomas notas en clase,You take notes in class
olvidar,to forget,No quiero olvidar tu nombre,I don't want to forget your name
menor,youngest,Ella es la menor,She is the youngest
droga,drug,La droga es peligrosa,The drug is dangerous
explicar,to explain,Déjame explicar eso,Let me explain that
abierta,open,La puerta está abierta,The door is open
privado,private,Este es un club privado,This is a private club
miembros,members,Los miembros votaron,The members voted
joey,Joey,Joey vive cerca,Joey lives nearby
nacional,national,El equipo nacional ganó,The national team won
gustó,liked,Me gustó la película,I liked the movie
ross,Ross,Ross trabaja hoy,Ross works today
discutir,to discuss,Tenemos que discutir el plan,We have to discuss the plan
evidencia,evidence,La evidencia es clara,The evidence is clear
detalles,details,Dame más detalles,Give me more details
c,letter c,La letra c suena como ka,The letter c sounds like ka
tardes,afternoons,Trabajo por las tardes,I work in the afternoons
tomaré,I will take,Tomaré un descanso,I will take a break
presente,present,Estoy presente en clase,I am present in class
scott,Scott,Scott es mi vecino,Scott is my neighbor
criminal,criminal,El criminal fue arrestado,The criminal was arrested
premio,prize,Ganó un premio,He won a prize
vuelvas,you return,Espero que vuelvas pronto,I hope you return soon
siéntese,sit down,Siéntese por favor,Please sit down
viniste,you came,Tú viniste ayer,You came yesterday
recibir,to receive,Voy a recibir el paquete,I am going to receive the package
mires,you look,No mires allí,Don't look there
teniendo,having,Estoy teniendo problemas,I am having problems
huele,smells,La flor huele bien,The flower smells good
hables,you speak,Prefiero que no hables,I prefer that you do not speak
guardias,guards,Los guardias cuidan la puerta,The guards guard the door
enamorado,in love,Estoy enamorado de ti,I am in love with you
cuidar,to take care,Debes cuidar tu salud,You must take care of your health
pocos,few,Hay pocos libros,There are few books
perdone,excuse me,Perdone por llegar tarde,Excuse me for arriving late
natural,natural,Es un paisaje natural,It is a natural landscape
caballos,horses,Me gustan los caballos,I like horses
escucho,listen,Yo escucho música.,I listen to music.
enfermera,nurse,La enfermera es amable.,The nurse is kind.
ángel,angel,Ella es un ángel.,She is an angel.
sospechoso,suspicious,El hombre parece sospechoso.,The man looks suspicious.
local,local (shop),Este local cierra tarde.,This store closes late.
mentiras,lies,No digas mentiras.,Don't tell lies.
camisa,shirt,Compré una camisa nueva.,I bought a new shirt.
confía,trusts,Él confía en ti.,He trusts you.
aceptar,to accept,Debes aceptar la verdad.,You should accept the truth.
venganza,revenge,La venganza no ayuda.,Revenge does not help.
perdimos,we lost,Perdimos el partido.,We lost the match.
cuantos,how many,¿Cuántos años tienes?,How old are you?
parque,park,Voy al parque hoy.,I am going to the park today.
juegos,games,Me gustan los juegos.,I like games.
chloe,Chloe,Chloe es mi amiga.,Chloe is my friend.
vives,you live,¿Dónde vives tú?,Where do you live?
varias,several,Tengo varias ideas.,I have several ideas.
harías,would you do,¿Qué harías tú?,What would you do?
déjenme,let me (pl.),Déjenme hablar.,Let me speak.
barrio,neighborhood,Vivo en ese barrio.,I live in that neighborhood.
virus,virus,Hay un virus nuevo.,There is a new virus.
talento,talent,Tienes mucho talento.,You have a lot of talent.
ministro,minister,El ministro habla hoy.,The minister speaks today.
hiciera,if I did,Si yo lo hiciera...,If I did it...
robó,he stole,Él robó el banco.,He robbed the bank.
conocerte,to meet you,Encantado de conocerte.,Nice to meet you.
viviendo,living,Estoy viviendo aquí.,I am living here.
responsabilidad,responsibility,Es tu responsabilidad.,It is your responsibility.
respira,breathe,Respira profundo.,Breathe deeply.
números,numbers,Memoriza estos números.,Memorize these numbers.
pertenece,belongs,Esta casa te pertenece.,This house belongs to you.
desayuno,breakfast,Tomo desayuno temprano.,I have breakfast early.
dave,Dave,Dave trabaja aquí.,Dave works here.
campeón,champion,Ella es la campeona.,She is the champion.
controlar,to control,Quiero controlar mis gastos.,I want to control my expenses.
maría,Maria,María cocina bien.,Maria cooks well.
nieve,snow,La nieve es fría.,Snow is cold.
méxico,Mexico,México es hermoso.,Mexico is beautiful.
howard,Howard,Howard estudia inglés.,Howard studies English.
dias,days,Han pasado tres días.,Three days have passed.
vergüenza,shame,Es una vergüenza.,It's a shame.
doctora,doctor (f.),La doctora sonríe.,The doctor smiles.
blancos,white (pl.),Los globos son blancos.,The balloons are white.
fumar,to smoke,No debes fumar.,You should not smoke.
llevamos,we have been,Llevamos una semana aquí.,We have been here for a week.
europa,Europe,Quiero viajar a Europa.,I want to travel to Europe.
dudo,I doubt,Dudo de su palabra.,I doubt his word.
athena,Athena,Athena es valiente.,Athena is brave.
pastel,cake,Me gusta el pastel.,I like cake.
quedas,you stay,Te quedas aquí.,You stay here.
cae,falls,La lluvia cae fuerte.,The rain falls heavily.
vimos,we saw,Vimos la película.,We saw the movie.
recibido,received,He recibido tu carta.,I have received your letter.
andando,walking,Sigo andando solo.,I keep walking alone.
agentes,agents,Los agentes investigan.,The agents investigate.
fueras,if you were,Ojalá fueras aquí.,I wish you were here.
asustado,scared,Estoy asustado.,I am scared.
perdóname,forgive me,Perdóname por llegar tarde.,Forgive me for arriving late.
reino,kingdom,El reino es vasto.,The kingdom is vast.
clave,key,Esa es la clave.,That is the key.
papeles,papers,Revisa los papeles.,Check the papers.
matando,killing,Lo sorprenden matando.,They catch him killing.
jake,Jake,Jake juega fútbol.,Jake plays soccer.
efecto,effect,El efecto es inmediato.,The effect is immediate.
r,the letter R,La letra R es fuerte.,The letter R is strong.
plata,money,No tengo plata.,I don't have money.
olvidé,I forgot,Olvidé mi bolso.,I forgot my bag.
iban,they used to go,Iban al cine juntos.,They used to go to the movies together.
universo,universe,El universo es infinito.,The universe is infinite.
política,politics,La política cambia.,Politics changes.
almuerzo,lunch,¿A qué hora es el almuerzo?,What time is lunch?
magia,magic,La magia existe.,Magic exists.
lluvia,rain,La lluvia paró.,The rain stopped.
humor,mood,Tiene buen humor.,He is in a good mood.
autos,cars,Los autos son rápidos.,The cars are fast.
veía,I saw,Te veía ayer.,I saw you yesterday.
tantas,so many,Hay tantas flores.,There are so many flowers.
respirar,to breathe,Necesitas respirar profundo.,You need to breathe deeply.
cantar,to sing,Quiero cantar una canción.,I want to sing a song.
trabajas,you work,¿Dónde trabajas?,Where do you work?
julie,Julie,Julie lee un libro.,Julie reads a book.
